Terrain,Scanner,Workflow,GT_ID,Tree_ID,segment_id,Attribute,QC_stage,GT_value,Predicted_value,Error,Absolute_error
Easy,Single sensor,3DFin,6,4.0,,TH,Post-QC,27.7,26.21955485233403,-1.480445147665968,1.480445147665968
Easy,Dual sensor,3DFin,6,4.0,,TH,Post-QC,27.7,26.007645186622074,-1.6923548133779178,1.6923548133779178
Easy,Hovermap,3DFin,6,4.0,,TH,Post-QC,27.7,26.8144351690689,-0.8855648309310986,0.8855648309310986
Easy,Single sensor,RCT,6,,6.0,TH,Post-QC,27.7,26.9184,-0.7816000000000011,0.7816000000000011
Easy,Dual sensor,RCT,6,,6.0,TH,Post-QC,27.7,27.2505,-0.4495000000000005,0.4495000000000005
Easy,Hovermap,RCT,6,,7.0,TH,Post-QC,27.7,27.3759,-0.32409999999999783,0.32409999999999783
Easy,Single sensor,3DFin,6,4.0,,DBH,Post-QC,0.631,0.6356333444910457,0.004633344491045689,0.004633344491045689
Easy,Dual sensor,3DFin,6,4.0,,DBH,Post-QC,0.631,0.6144029144282799,-0.016597085571720127,0.016597085571720127
Easy,Hovermap,3DFin,6,4.0,,DBH,Post-QC,0.631,0.620277717996346,-0.010722282003653992,0.010722282003653992
Easy,Single sensor,RCT,6,,6.0,DBH,Post-QC,0.631,0.5086,-0.12239999999999995,0.12239999999999995
Easy,Dual sensor,RCT,6,,6.0,DBH,Post-QC,0.631,0.5076,-0.12339999999999995,0.12339999999999995
Easy,Hovermap,RCT,6,,7.0,DBH,Post-QC,0.631,0.3966,-0.2344,0.2344
Easy,Single sensor,3DFin,13,7.0,,DBH,Post-QC,0.248,0.2892316058561659,0.04123160585616592,0.04123160585616592
Easy,Dual sensor,3DFin,13,7.0,,DBH,Post-QC,0.248,0.2776562382981482,0.029656238298148174,0.029656238298148174
Easy,Hovermap,3DFin,13,8.0,,DBH,Post-QC,0.248,0.272024742783437,0.024024742783437025,0.024024742783437025
Easy,Single sensor,RCT,13,,1.0,DBH,Post-QC,0.248,0.2292,-0.018800000000000008,0.018800000000000008
Easy,Dual sensor,RCT,13,,1.0,DBH,Post-QC,0.248,0.2296,-0.0184,0.0184
Easy,Hovermap,RCT,13,,2.0,DBH,Post-QC,0.248,0.217,-0.031,0.031
Easy,Single sensor,3DFin,17,6.0,,DBH,Post-QC,0.35100000000000003,0.3512648263595176,0.00026482635951763367,0.00026482635951763367
Easy,Dual sensor,3DFin,17,6.0,,DBH,Post-QC,0.35100000000000003,0.3512135068263147,0.0002135068263147133,0.0002135068263147133
Easy,Hovermap,3DFin,17,6.0,,DBH,Post-QC,0.35100000000000003,0.347523771961134,-0.003476228038865992,0.003476228038865992
Easy,Single sensor,RCT,17,,3.0,DBH,Post-QC,0.35100000000000003,0.2686,-0.08240000000000003,0.08240000000000003
Easy,Dual sensor,RCT,17,,3.0,DBH,Post-QC,0.35100000000000003,0.2638,-0.08720000000000007,0.08720000000000007
Easy,Hovermap,RCT,17,,4.0,DBH,Post-QC,0.35100000000000003,0.2558,-0.0952,0.0952
Easy,Single sensor,3DFin,20,8.0,,DBH,Post-QC,0.45299999999999996,0.4574174817025985,0.004417481702598479,0.004417481702598479
Easy,Dual sensor,3DFin,20,8.0,,DBH,Post-QC,0.45299999999999996,0.4583515720400795,0.0053515720400794655,0.0053515720400794655
Easy,Hovermap,3DFin,20,7.0,,DBH,Post-QC,0.45299999999999996,0.454347862965695,0.0013478629656950016,0.0013478629656950016
Easy,Single sensor,RCT,20,,2.0,DBH,Post-QC,0.453,0.329,-0.124,0.124
Easy,Dual sensor,RCT,20,,2.0,DBH,Post-QC,0.453,0.3326,-0.12039999999999995,0.12039999999999995
Easy,Hovermap,RCT,20,,3.0,DBH,Post-QC,0.453,0.335,-0.11799999999999995,0.11799999999999995
Easy,Single sensor,3DFin,21,9.0,,TH,Post-QC,31.4,27.34277499173078,-4.057225008269217,4.057225008269217
Easy,Dual sensor,3DFin,21,9.0,,TH,Post-QC,31.4,29.599451989135016,-1.8005480108649792,1.8005480108649792
Easy,Hovermap,3DFin,21,9.0,,TH,Post-QC,31.4,30.5971943996937,-0.8028056003063001,0.8028056003063001
Easy,Single sensor,RCT,21,,0.0,TH,Post-QC,31.4,29.6801,-1.719899999999999,1.719899999999999
Easy,Dual sensor,RCT,21,,0.0,TH,Post-QC,31.4,30.487,-0.9130000000000004,0.9130000000000004
Easy,Hovermap,RCT,21,,1.0,TH,Post-QC,31.4,30.9466,-0.4533999999999985,0.4533999999999985
Easy,Single sensor,3DFin,21,9.0,,DBH,Post-QC,0.627,0.62360523759676,-0.003394762403239993,0.003394762403239993
Easy,Dual sensor,3DFin,21,9.0,,DBH,Post-QC,0.627,0.6083201602387658,-0.018679839761234215,0.018679839761234215
Easy,Hovermap,3DFin,21,9.0,,DBH,Post-QC,0.627,0.602732468640456,-0.02426753135954396,0.02426753135954396
Easy,Single sensor,RCT,21,,0.0,DBH,Post-QC,0.627,0.4994,-0.1276,0.1276
Easy,Dual sensor,RCT,21,,0.0,DBH,Post-QC,0.627,0.5026,-0.12439999999999996,0.12439999999999996
Easy,Hovermap,RCT,21,,1.0,DBH,Post-QC,0.627,0.4856,-0.14140000000000005,0.14140000000000005
Easy,Single sensor,3DFin,27,5.0,,TH,Post-QC,30.5,26.25006082289337,-4.249939177106629,4.249939177106629
Easy,Dual sensor,3DFin,27,5.0,,TH,Post-QC,30.5,28.24737841468464,-2.2526215853153597,2.2526215853153597
Easy,Hovermap,3DFin,27,5.0,,TH,Post-QC,30.5,30.075694940425702,-0.4243050595743014,0.4243050595743014
Easy,Single sensor,RCT,27,,4.0,TH,Post-QC,30.5,28.2832,-2.216799999999999,2.216799999999999
Easy,Dual sensor,RCT,27,,4.0,TH,Post-QC,30.5,29.0049,-1.4951000000000008,1.4951000000000008
Easy,Hovermap,RCT,27,,5.0,TH,Post-QC,30.5,31.0388,0.5387999999999984,0.5387999999999984
Easy,Single sensor,3DFin,27,5.0,,DBH,Post-QC,0.488,0.5302643223857433,0.042264322385743285,0.042264322385743285
Easy,Dual sensor,3DFin,27,5.0,,DBH,Post-QC,0.488,0.4934846305092066,0.005484630509206612,0.005484630509206612
Easy,Hovermap,3DFin,27,5.0,,DBH,Post-QC,0.488,0.49635056953193896,0.008350569531939023,0.008350569531939023
Easy,Single sensor,RCT,27,,4.0,DBH,Post-QC,0.488,0.4348,-0.05319999999999997,0.05319999999999997
Easy,Dual sensor,RCT,27,,4.0,DBH,Post-QC,0.488,0.419,-0.069,0.069
Easy,Hovermap,RCT,27,,5.0,DBH,Post-QC,0.488,0.4098,-0.07819999999999999,0.07819999999999999
Easy,Single sensor,3DFin,31,2.0,,DBH,Post-QC,0.5579999999999999,0.60655329572536,0.048553295725359935,0.048553295725359935
Easy,Dual sensor,3DFin,31,2.0,,DBH,Post-QC,0.5579999999999999,0.5863859830933513,0.028385983093351275,0.028385983093351275
Easy,Hovermap,3DFin,31,2.0,,DBH,Post-QC,0.5579999999999999,0.582990984814901,0.02499098481490092,0.02499098481490092
Easy,Single sensor,RCT,31,,9.0,DBH,Post-QC,0.5579999999999999,0.4552,-0.10279999999999996,0.10279999999999996
Easy,Dual sensor,RCT,31,,9.0,DBH,Post-QC,0.5579999999999999,0.4532,-0.10479999999999996,0.10479999999999996
Easy,Hovermap,RCT,31,,10.0,DBH,Post-QC,0.5579999999999999,0.4344,-0.12359999999999992,0.12359999999999992
Easy,Single sensor,3DFin,33,3.0,,TH,Post-QC,27.8,28.087633632264552,0.28763363226454786,0.28763363226454786
Easy,Dual sensor,3DFin,33,3.0,,TH,Post-QC,27.8,28.619603834682533,0.8196038346825283,0.8196038346825283
Easy,Hovermap,3DFin,33,3.0,,TH,Post-QC,27.8,28.838487911711898,1.0384879117119006,1.0384879117119006
Easy,Single sensor,RCT,33,,7.0,TH,Post-QC,27.8,28.9578,1.1577999999999982,1.1577999999999982
Easy,Dual sensor,RCT,33,,7.0,TH,Post-QC,27.8,29.4419,1.6418999999999997,1.6418999999999997
Easy,Hovermap,RCT,33,,8.0,TH,Post-QC,27.8,29.5962,1.7961999999999991,1.7961999999999991
Easy,Single sensor,3DFin,33,3.0,,DBH,Post-QC,0.596,0.6149225943714466,0.01892259437144661,0.01892259437144661
Easy,Dual sensor,3DFin,33,3.0,,DBH,Post-QC,0.596,0.6078586056369509,0.011858605636950958,0.011858605636950958
Easy,Hovermap,3DFin,33,3.0,,DBH,Post-QC,0.596,0.60754536365679,0.011545363656790042,0.011545363656790042
Easy,Single sensor,RCT,33,,7.0,DBH,Post-QC,0.596,0.4658,-0.13019999999999998,0.13019999999999998
Easy,Dual sensor,RCT,33,,7.0,DBH,Post-QC,0.596,0.468,-0.128,0.128
Easy,Hovermap,RCT,33,,8.0,DBH,Post-QC,0.596,0.4626,-0.13339999999999996,0.13339999999999996
Easy,Single sensor,3DFin,34,1.0,,DBH,Post-QC,0.5489999999999999,0.6242050083191425,0.07520500831914245,0.07520500831914245
Easy,Dual sensor,3DFin,34,1.0,,DBH,Post-QC,0.5489999999999999,0.5609607659528829,0.011960765952882868,0.011960765952882868
Easy,Hovermap,3DFin,34,1.0,,DBH,Post-QC,0.5489999999999999,0.5653729249108299,0.016372924910829978,0.016372924910829978
Easy,Single sensor,RCT,34,,8.0,DBH,Post-QC,0.5489999999999999,0.448,-0.10099999999999998,0.10099999999999998
Easy,Dual sensor,RCT,34,,8.0,DBH,Post-QC,0.5489999999999999,0.4564,-0.09259999999999996,0.09259999999999996
Easy,Hovermap,RCT,34,,9.0,DBH,Post-QC,0.5489999999999999,0.45,-0.09899999999999992,0.09899999999999992
Intermediate,Single sensor,3DFin,1,9.0,,TH,Post-QC,21.2,21.182890328962692,-0.017109671037310648,0.017109671037310648
Intermediate,Dual sensor,3DFin,1,8.0,,TH,Post-QC,21.2,21.72885372260434,0.5288537226043424,0.5288537226043424
Intermediate,Hovermap,3DFin,1,7.0,,TH,Post-QC,21.2,22.11849734642766,0.9184973464276602,0.9184973464276602
Intermediate,Single sensor,RCT,1,,14.0,TH,Post-QC,21.2,21.887,0.6869999999999976,0.6869999999999976
Intermediate,Dual sensor,RCT,1,,14.0,TH,Post-QC,21.2,21.8724,0.6723999999999997,0.6723999999999997
Intermediate,Hovermap,RCT,1,,13.0,TH,Post-QC,21.2,22.141,0.940999999999999,0.940999999999999
Intermediate,Single sensor,3DFin,1,9.0,,DBH,Post-QC,0.34,0.363078700473257,0.023078700473257,0.023078700473257
Intermediate,Dual sensor,3DFin,1,8.0,,DBH,Post-QC,0.34,0.3735414201783551,0.0335414201783551,0.0335414201783551
Intermediate,Hovermap,3DFin,1,7.0,,DBH,Post-QC,0.34,0.3869042640584272,0.04690426405842718,0.04690426405842718
Intermediate,Single sensor,RCT,1,,14.0,DBH,Post-QC,0.34,0.2764,-0.06360000000000005,0.06360000000000005
Intermediate,Dual sensor,RCT,1,,14.0,DBH,Post-QC,0.34,0.279,-0.06100000000000005,0.06100000000000005
Intermediate,Hovermap,RCT,1,,13.0,DBH,Post-QC,0.34,0.2784,-0.06160000000000005,0.06160000000000005
Intermediate,Single sensor,3DFin,2,3.0,,TH,Post-QC,20.0,19.61012291845392,-0.3898770815460786,0.3898770815460786
Intermediate,Dual sensor,3DFin,2,3.0,,TH,Post-QC,20.0,19.25304254079218,-0.7469574592078203,0.7469574592078203
Intermediate,Hovermap,3DFin,2,3.0,,TH,Post-QC,20.0,19.755345500502912,-0.2446544994970914,0.2446544994970914
Intermediate,Single sensor,RCT,2,,18.0,TH,Post-QC,20.0,21.4857,1.4857000000000014,1.4857000000000014
Intermediate,Dual sensor,RCT,2,,19.0,TH,Post-QC,20.0,21.67,1.6700000000000017,1.6700000000000017
Intermediate,Hovermap,RCT,2,,20.0,TH,Post-QC,20.0,21.6507,1.6507000000000005,1.6507000000000005
Intermediate,Single sensor,3DFin,2,3.0,,DBH,Post-QC,0.24100000000000002,0.242301583113843,0.0013015831138430134,0.0013015831138430134
Intermediate,Dual sensor,3DFin,2,3.0,,DBH,Post-QC,0.24100000000000002,0.2540414992107989,0.01304149921079889,0.01304149921079889
Intermediate,Hovermap,3DFin,2,3.0,,DBH,Post-QC,0.24100000000000002,0.2606253642373846,0.01962536423738459,0.01962536423738459
Intermediate,Single sensor,RCT,2,,18.0,DBH,Post-QC,0.241,0.2092,-0.031800000000000016,0.031800000000000016
Intermediate,Dual sensor,RCT,2,,19.0,DBH,Post-QC,0.241,0.21,-0.031000000000000024,0.031000000000000024
Intermediate,Hovermap,RCT,2,,20.0,DBH,Post-QC,0.241,0.1931,-0.047900000000000026,0.047900000000000026
Intermediate,Single sensor,3DFin,4,5.0,,DBH,Post-QC,0.263,0.3022414224265803,0.0392414224265803,0.0392414224265803
Intermediate,Dual sensor,3DFin,4,5.0,,DBH,Post-QC,0.263,0.2978457105476837,0.034845710547683706,0.034845710547683706
Intermediate,Hovermap,3DFin,4,5.0,,DBH,Post-QC,0.263,0.3015248224066374,0.038524822406637405,0.038524822406637405
Intermediate,Single sensor,RCT,4,,20.0,DBH,Post-QC,0.263,0.2616,-0.0014000000000000126,0.0014000000000000126
Intermediate,Dual sensor,RCT,4,,22.0,DBH,Post-QC,0.263,0.2618,-0.0012000000000000346,0.0012000000000000346
Intermediate,Hovermap,RCT,4,,19.0,DBH,Post-QC,0.263,0.2508,-0.012199999999999987,0.012199999999999987
Intermediate,Single sensor,3DFin,5,2.0,,DBH,Post-QC,0.332,0.3516396032509645,0.01963960325096448,0.01963960325096448
Intermediate,Dual sensor,3DFin,5,1.0,,DBH,Post-QC,0.332,0.3439134362517718,0.01191343625177177,0.01191343625177177
Intermediate,Hovermap,3DFin,5,1.0,,DBH,Post-QC,0.332,0.3561145884925231,0.02411458849252307,0.02411458849252307
Intermediate,Single sensor,RCT,5,,22.0,DBH,Post-QC,0.332,0.3078,-0.0242,0.0242
Intermediate,Dual sensor,RCT,5,,23.0,DBH,Post-QC,0.332,0.3094,-0.02260000000000001,0.02260000000000001
Intermediate,Hovermap,RCT,5,,22.0,DBH,Post-QC,0.332,0.3024,-0.02960000000000001,0.02960000000000001
Intermediate,Single sensor,3DFin,8,8.0,,DBH,Post-QC,0.21600000000000003,0.2295857660168652,0.013585766016865205,0.013585766016865205
Intermediate,Dual sensor,3DFin,8,9.0,,DBH,Post-QC,0.21600000000000003,0.2316994504843179,0.0156994504843179,0.0156994504843179
Intermediate,Hovermap,3DFin,8,9.0,,DBH,Post-QC,0.21600000000000003,0.2519966250785265,0.035996625078526495,0.035996625078526495
Intermediate,Single sensor,RCT,8,,17.0,DBH,Post-QC,0.21600000000000005,0.1878,-0.02820000000000003,0.02820000000000003
Intermediate,Dual sensor,RCT,8,,18.0,DBH,Post-QC,0.21600000000000005,0.1908,-0.025200000000000028,0.025200000000000028
Intermediate,Hovermap,RCT,8,,17.0,DBH,Post-QC,0.21600000000000005,0.1894,-0.026600000000000013,0.026600000000000013
Intermediate,Single sensor,3DFin,9,11.0,,TH,Post-QC,21.0,20.488281704949948,-0.5117182950500485,0.5117182950500485
Intermediate,Dual sensor,3DFin,9,12.0,,TH,Post-QC,21.0,21.33132282707506,0.3313228270750592,0.3313228270750592
Intermediate,Hovermap,3DFin,9,11.0,,TH,Post-QC,21.0,21.362353568086327,0.36235356808633057,0.36235356808633057
Intermediate,Single sensor,RCT,9,,16.0,TH,Post-QC,21.0,21.9188,0.9188000000000011,0.9188000000000011
Intermediate,Dual sensor,RCT,9,,17.0,TH,Post-QC,21.0,21.854,0.8539999999999992,0.8539999999999992
Intermediate,Hovermap,RCT,9,,16.0,TH,Post-QC,21.0,21.7834,0.7834000000000003,0.7834000000000003
Intermediate,Single sensor,3DFin,9,11.0,,DBH,Post-QC,0.28600000000000003,0.3057538516648374,0.0197538516648374,0.0197538516648374
Intermediate,Dual sensor,3DFin,9,12.0,,DBH,Post-QC,0.28600000000000003,0.30548342336925605,0.01948342336925601,0.01948342336925601
Intermediate,Hovermap,3DFin,9,11.0,,DBH,Post-QC,0.28600000000000003,0.3020433718689703,0.016043371868970313,0.016043371868970313
Intermediate,Single sensor,RCT,9,,16.0,DBH,Post-QC,0.28600000000000003,0.294,0.007999999999999952,0.007999999999999952
Intermediate,Dual sensor,RCT,9,,17.0,DBH,Post-QC,0.28600000000000003,0.2732,-0.012800000000000034,0.012800000000000034
Intermediate,Hovermap,RCT,9,,16.0,DBH,Post-QC,0.28600000000000003,0.2918,0.005799999999999972,0.005799999999999972
Intermediate,Single sensor,3DFin,11,10.0,,TH,Post-QC,22.0,22.17134863267312,0.17134863267311928,0.17134863267311928
Intermediate,Dual sensor,3DFin,11,10.0,,TH,Post-QC,22.0,22.22696579483873,0.2269657948387298,0.2269657948387298
Intermediate,Hovermap,3DFin,11,10.0,,TH,Post-QC,22.0,22.853041194071807,0.8530411940718103,0.8530411940718103
Intermediate,Single sensor,RCT,11,,19.0,TH,Post-QC,22.0,22.7064,0.7063999999999986,0.7063999999999986
Intermediate,Dual sensor,RCT,11,,20.0,TH,Post-QC,22.0,23.1155,1.1155000000000008,1.1155000000000008
Intermediate,Hovermap,RCT,11,,18.0,TH,Post-QC,22.0,23.2197,1.2196999999999996,1.2196999999999996
Intermediate,Single sensor,3DFin,11,10.0,,DBH,Post-QC,0.20600000000000002,0.2504728444126874,0.044472844412687416,0.044472844412687416
Intermediate,Dual sensor,3DFin,11,10.0,,DBH,Post-QC,0.20600000000000002,0.2311161105957516,0.02511611059575161,0.02511611059575161
Intermediate,Hovermap,3DFin,11,10.0,,DBH,Post-QC,0.20600000000000002,0.2399648537186994,0.033964853718699416,0.033964853718699416
Intermediate,Single sensor,RCT,11,,19.0,DBH,Post-QC,0.206,0.1946,-0.01140000000000002,0.01140000000000002
Intermediate,Dual sensor,RCT,11,,20.0,DBH,Post-QC,0.206,0.1912,-0.01480000000000001,0.01480000000000001
Intermediate,Hovermap,RCT,11,,18.0,DBH,Post-QC,0.206,0.18,-0.026000000000000027,0.026000000000000027
Intermediate,Single sensor,3DFin,14,16.0,,DBH,Post-QC,0.233,0.2397513164208898,0.006751316420889775,0.006751316420889775
Intermediate,Dual sensor,3DFin,14,18.0,,DBH,Post-QC,0.233,0.2495650390711753,0.01656503907117529,0.01656503907117529
Intermediate,Hovermap,3DFin,14,16.0,,DBH,Post-QC,0.233,0.2425669749098248,0.009566974909824777,0.009566974909824777
Intermediate,Single sensor,RCT,14,,13.0,DBH,Post-QC,0.233,0.2434,0.010399999999999993,0.010399999999999993
Intermediate,Dual sensor,RCT,14,,16.0,DBH,Post-QC,0.233,0.2354,0.002399999999999985,0.002399999999999985
Intermediate,Hovermap,RCT,14,,15.0,DBH,Post-QC,0.233,0.2274,-0.005600000000000022,0.005600000000000022
Intermediate,Single sensor,3DFin,15,18.0,,DBH,Post-QC,0.257,0.257990437276198,0.0009904372761980196,0.0009904372761980196
Intermediate,Dual sensor,3DFin,15,17.0,,DBH,Post-QC,0.257,0.2786268834470317,0.021626883447031675,0.021626883447031675
Intermediate,Hovermap,3DFin,15,17.0,,DBH,Post-QC,0.257,0.2687779539932508,0.011777953993250769,0.011777953993250769
Intermediate,Single sensor,RCT,15,,11.0,DBH,Post-QC,0.257,0.2522,-0.004800000000000026,0.004800000000000026
Intermediate,Dual sensor,RCT,15,,12.0,DBH,Post-QC,0.257,0.2452,-0.011800000000000005,0.011800000000000005
Intermediate,Hovermap,RCT,15,,11.0,DBH,Post-QC,0.257,0.2374,-0.01960000000000001,0.01960000000000001
Intermediate,Single sensor,3DFin,16,22.0,,DBH,Post-QC,0.18,0.1883917013354862,0.008391701335486196,0.008391701335486196
Intermediate,Dual sensor,3DFin,16,23.0,,DBH,Post-QC,0.18,0.1900544724066481,0.010054472406648113,0.010054472406648113
Intermediate,Hovermap,3DFin,16,22.0,,DBH,Post-QC,0.18,0.1869517587702016,0.006951758770201599,0.006951758770201599
Intermediate,Single sensor,RCT,16,,5.0,DBH,Post-QC,0.18,0.1958,0.01580000000000001,0.01580000000000001
Intermediate,Dual sensor,RCT,16,,6.0,DBH,Post-QC,0.18,0.1898,0.009800000000000005,0.009800000000000005
Intermediate,Hovermap,RCT,16,,5.0,DBH,Post-QC,0.18,0.1824,0.002400000000000013,0.002400000000000013
Intermediate,Single sensor,3DFin,17,19.0,,TH,Post-QC,21.8,20.5397688851558,-1.2602311148441991,1.2602311148441991
Intermediate,Dual sensor,3DFin,17,19.0,,TH,Post-QC,21.8,20.7681793623845,-1.0318206376154997,1.0318206376154997
Intermediate,Hovermap,3DFin,17,19.0,,TH,Post-QC,21.8,21.656420563118765,-0.14357943688123953,0.14357943688123953
Intermediate,Single sensor,RCT,17,,8.0,TH,Post-QC,21.8,21.3998,-0.4002000000000017,0.4002000000000017
Intermediate,Dual sensor,RCT,17,,9.0,TH,Post-QC,21.8,22.7401,0.940100000000001,0.940100000000001
Intermediate,Hovermap,RCT,17,,8.0,TH,Post-QC,21.8,22.9717,1.1716999999999975,1.1716999999999975
Intermediate,Single sensor,3DFin,17,19.0,,DBH,Post-QC,0.33899999999999997,0.3572224051200361,0.01822240512003609,0.01822240512003609
Intermediate,Dual sensor,3DFin,17,19.0,,DBH,Post-QC,0.33899999999999997,0.3643449431262827,0.02534494312628266,0.02534494312628266
Intermediate,Hovermap,3DFin,17,19.0,,DBH,Post-QC,0.33899999999999997,0.3172885204198606,-0.02171147958013941,0.02171147958013941
Intermediate,Single sensor,RCT,17,,8.0,DBH,Post-QC,0.339,0.3022,-0.03679999999999994,0.03679999999999994
Intermediate,Dual sensor,RCT,17,,9.0,DBH,Post-QC,0.339,0.2946,-0.0444,0.0444
Intermediate,Hovermap,RCT,17,,8.0,DBH,Post-QC,0.339,0.2305,-0.10849999999999996,0.10849999999999996
Intermediate,Single sensor,3DFin,19,21.0,,DBH,Post-QC,0.307,0.3484448338301929,0.04144483383019293,0.04144483383019293
Intermediate,Dual sensor,3DFin,19,22.0,,DBH,Post-QC,0.307,0.3644630817901416,0.05746308179014159,0.05746308179014159
Intermediate,Hovermap,3DFin,19,21.0,,DBH,Post-QC,0.307,0.3804135933794933,0.07341359337949332,0.07341359337949332
Intermediate,Single sensor,RCT,19,,3.0,DBH,Post-QC,0.307,0.3,-0.007000000000000006,0.007000000000000006
Intermediate,Dual sensor,RCT,19,,3.0,DBH,Post-QC,0.307,0.3074,0.0004000000000000114,0.0004000000000000114
Intermediate,Hovermap,RCT,19,,3.0,DBH,Post-QC,0.307,0.289,-0.018000000000000016,0.018000000000000016
Intermediate,Single sensor,3DFin,20,23.0,,TH,Post-QC,20.5,20.53910412673345,0.03910412673344865,0.03910412673344865
Intermediate,Dual sensor,3DFin,20,24.0,,TH,Post-QC,20.5,20.38949682703404,-0.11050317296595936,0.11050317296595936
Intermediate,Hovermap,3DFin,20,23.0,,TH,Post-QC,20.5,21.4194860194838,0.9194860194837986,0.9194860194837986
Intermediate,Single sensor,RCT,20,,1.0,TH,Post-QC,20.5,20.7174,0.21740000000000134,0.21740000000000134
Intermediate,Dual sensor,RCT,20,,1.0,TH,Post-QC,20.5,20.9655,0.4654999999999987,0.4654999999999987
Intermediate,Hovermap,RCT,20,,1.0,TH,Post-QC,20.5,21.0326,0.5325999999999986,0.5325999999999986
Intermediate,Single sensor,3DFin,20,23.0,,DBH,Post-QC,0.349,0.3616747799760964,0.01267477997609645,0.01267477997609645
Intermediate,Dual sensor,3DFin,20,24.0,,DBH,Post-QC,0.349,0.3648532317889695,0.015853231788969524,0.015853231788969524
Intermediate,Hovermap,3DFin,20,23.0,,DBH,Post-QC,0.349,0.3349108360670851,-0.014089163932914872,0.014089163932914872
Intermediate,Single sensor,RCT,20,,1.0,DBH,Post-QC,0.349,0.2992,-0.04979999999999996,0.04979999999999996
Intermediate,Dual sensor,RCT,20,,1.0,DBH,Post-QC,0.349,0.2892,-0.059799999999999964,0.059799999999999964
Intermediate,Hovermap,RCT,20,,1.0,DBH,Post-QC,0.349,0.2895,-0.0595,0.0595
Intermediate,Single sensor,3DFin,22,15.0,,TH,Post-QC,21.3,22.53048254341431,1.2304825434143076,1.2304825434143076
Intermediate,Dual sensor,3DFin,22,16.0,,TH,Post-QC,21.3,22.65308261868543,1.3530826186854306,1.3530826186854306
Intermediate,Hovermap,3DFin,22,15.0,,TH,Post-QC,21.3,23.31387900326293,2.0138790032629292,2.0138790032629292
Intermediate,Single sensor,RCT,22,,6.0,TH,Post-QC,21.3,21.9969,0.6968999999999994,0.6968999999999994
Intermediate,Dual sensor,RCT,22,,7.0,TH,Post-QC,21.3,22.6874,1.3873999999999995,1.3873999999999995
Intermediate,Hovermap,RCT,22,,6.0,TH,Post-QC,21.3,23.4332,2.1331999999999987,2.1331999999999987
Intermediate,Single sensor,3DFin,22,15.0,,DBH,Post-QC,0.325,0.3284338772108373,0.003433877210837266,0.003433877210837266
Intermediate,Dual sensor,3DFin,22,16.0,,DBH,Post-QC,0.325,0.3453775038230652,0.02037750382306519,0.02037750382306519
Intermediate,Hovermap,3DFin,22,15.0,,DBH,Post-QC,0.325,0.3539235853180208,0.028923585318020806,0.028923585318020806
Intermediate,Single sensor,RCT,22,,6.0,DBH,Post-QC,0.325,0.311,-0.014000000000000012,0.014000000000000012
Intermediate,Dual sensor,RCT,22,,7.0,DBH,Post-QC,0.325,0.3108,-0.01419999999999999,0.01419999999999999
Intermediate,Hovermap,RCT,22,,6.0,DBH,Post-QC,0.325,0.3006,-0.024400000000000036,0.024400000000000036
Intermediate,Single sensor,3DFin,23,17.0,,DBH,Post-QC,0.278,0.3251223079932623,0.04712230799326228,0.04712230799326228
Intermediate,Dual sensor,3DFin,23,20.0,,DBH,Post-QC,0.278,0.3199719774979611,0.041971977497961055,0.041971977497961055
Intermediate,Hovermap,3DFin,23,18.0,,DBH,Post-QC,0.278,0.3131751615112873,0.0351751615112873,0.0351751615112873
Intermediate,Single sensor,RCT,23,,4.0,DBH,Post-QC,0.278,0.2654,-0.0126,0.0126
Intermediate,Dual sensor,RCT,23,,4.0,DBH,Post-QC,0.278,0.264,-0.014000000000000012,0.014000000000000012
Intermediate,Hovermap,RCT,23,,4.0,DBH,Post-QC,0.278,0.258,-0.020000000000000014,0.020000000000000014
Intermediate,Single sensor,3DFin,25,20.0,,TH,Post-QC,18.3,20.1417307221057,1.8417307221056982,1.8417307221056982
Intermediate,Dual sensor,3DFin,25,21.0,,TH,Post-QC,18.3,19.956463378246287,1.65646337824629,1.65646337824629
Intermediate,Hovermap,3DFin,25,20.0,,TH,Post-QC,18.3,20.18621085641803,1.886210856418028,1.886210856418028
Intermediate,Single sensor,RCT,25,,0.0,TH,Post-QC,18.3,20.9365,2.636499999999998,2.636499999999998
Intermediate,Dual sensor,RCT,25,,0.0,TH,Post-QC,18.3,21.1375,2.8374999999999986,2.8374999999999986
Intermediate,Hovermap,RCT,25,,0.0,TH,Post-QC,18.3,20.7787,2.4787,2.4787
Intermediate,Single sensor,3DFin,25,20.0,,DBH,Post-QC,0.258,0.3012578070494967,0.04325780704949666,0.04325780704949666
Intermediate,Dual sensor,3DFin,25,21.0,,DBH,Post-QC,0.258,0.2901884513279337,0.03218845132793369,0.03218845132793369
Intermediate,Hovermap,3DFin,25,20.0,,DBH,Post-QC,0.258,0.2973587266716135,0.0393587266716135,0.0393587266716135
Intermediate,Single sensor,RCT,25,,0.0,DBH,Post-QC,0.258,0.2358,-0.0222,0.0222
Intermediate,Dual sensor,RCT,25,,0.0,DBH,Post-QC,0.258,0.2352,-0.02280000000000001,0.02280000000000001
Intermediate,Hovermap,RCT,25,,0.0,DBH,Post-QC,0.258,0.2338,-0.0242,0.0242
Intermediate,Single sensor,3DFin,26,14.0,,TH,Post-QC,17.3,18.977721049714198,1.6777210497142008,1.6777210497142008
Intermediate,Dual sensor,3DFin,26,15.0,,TH,Post-QC,17.3,18.71533282436484,1.4153328243648389,1.4153328243648389
Intermediate,Hovermap,3DFin,26,14.0,,TH,Post-QC,17.3,19.03007746931073,1.7300774693107286,1.7300774693107286
Intermediate,Single sensor,RCT,26,,2.0,TH,Post-QC,17.3,19.1381,1.8381000000000007,1.8381000000000007
Intermediate,Dual sensor,RCT,26,,2.0,TH,Post-QC,17.3,18.8382,1.5381999999999998,1.5381999999999998
Intermediate,Hovermap,RCT,26,,2.0,TH,Post-QC,17.3,19.0759,1.7759,1.7759
Intermediate,Single sensor,3DFin,27,4.0,,TH,Post-QC,21.2,20.0604515136006,-1.1395484863993983,1.1395484863993983
Intermediate,Dual sensor,3DFin,27,4.0,,TH,Post-QC,21.2,20.075556966744262,-1.124443033255741,1.124443033255741
Intermediate,Hovermap,3DFin,27,4.0,,TH,Post-QC,21.2,20.423674858831262,-0.7763251411687406,0.7763251411687406
Intermediate,Single sensor,RCT,27,,15.0,TH,Post-QC,21.2,21.5809,0.3809000000000005,0.3809000000000005
Intermediate,Dual sensor,RCT,27,,15.0,TH,Post-QC,21.2,21.4342,0.2342000000000013,0.2342000000000013
Intermediate,Hovermap,RCT,27,,14.0,TH,Post-QC,21.2,21.4771,0.2771000000000008,0.2771000000000008
Intermediate,Single sensor,3DFin,27,4.0,,DBH,Post-QC,0.325,0.3320263116108544,0.007026311610854374,0.007026311610854374
Intermediate,Dual sensor,3DFin,27,4.0,,DBH,Post-QC,0.325,0.3402123357489185,0.015212335748918502,0.015212335748918502
Intermediate,Hovermap,3DFin,27,4.0,,DBH,Post-QC,0.325,0.3399443129111466,0.014944312911146562,0.014944312911146562
Intermediate,Single sensor,RCT,27,,15.0,DBH,Post-QC,0.325,0.307,-0.018000000000000016,0.018000000000000016
Intermediate,Dual sensor,RCT,27,,15.0,DBH,Post-QC,0.325,0.2964,-0.02860000000000001,0.02860000000000001
Intermediate,Hovermap,RCT,27,,14.0,DBH,Post-QC,0.325,0.2822,-0.042800000000000005,0.042800000000000005
Intermediate,Single sensor,3DFin,28,7.0,,DBH,Post-QC,0.263,0.273774348094549,0.010774348094548969,0.010774348094548969
Intermediate,Dual sensor,3DFin,28,7.0,,DBH,Post-QC,0.263,0.2806664971729556,0.017666497172955598,0.017666497172955598
Intermediate,Hovermap,3DFin,28,8.0,,DBH,Post-QC,0.263,0.2781921859969157,0.015192185996915688,0.015192185996915688
Intermediate,Single sensor,RCT,28,,9.0,DBH,Post-QC,0.263,0.2358,-0.0272,0.0272
Intermediate,Dual sensor,RCT,28,,10.0,DBH,Post-QC,0.263,0.2258,-0.03720000000000001,0.03720000000000001
Intermediate,Hovermap,RCT,28,,9.0,DBH,Post-QC,0.263,0.2168,-0.04620000000000002,0.04620000000000002
Intermediate,Single sensor,3DFin,29,13.0,,DBH,Post-QC,0.212,0.2312378499242269,0.01923784992422692,0.01923784992422692
Intermediate,Dual sensor,3DFin,29,13.0,,DBH,Post-QC,0.212,0.2124467835182234,0.00044678351822341483,0.00044678351822341483
Intermediate,Hovermap,3DFin,29,13.0,,DBH,Post-QC,0.212,0.2291482119469066,0.017148211946906602,0.017148211946906602
Intermediate,Single sensor,RCT,29,,7.0,DBH,Post-QC,0.212,0.2148,0.002799999999999997,0.002799999999999997
Intermediate,Dual sensor,RCT,29,,5.0,DBH,Post-QC,0.212,0.2098,-0.0022000000000000075,0.0022000000000000075
Intermediate,Hovermap,RCT,29,,7.0,DBH,Post-QC,0.212,0.174,-0.038000000000000006,0.038000000000000006
Intermediate,Single sensor,3DFin,30,12.0,,TH,Post-QC,19.4,19.33240460239227,-0.06759539760772881,0.06759539760772881
Intermediate,Dual sensor,3DFin,30,11.0,,TH,Post-QC,19.4,19.76307195370955,0.3630719537095501,0.3630719537095501
Intermediate,Hovermap,3DFin,30,12.0,,TH,Post-QC,19.4,19.984896913197,0.584896913197003,0.584896913197003
Intermediate,Single sensor,RCT,30,,23.0,TH,Post-QC,19.4,19.8337,0.43370000000000175,0.43370000000000175
Intermediate,Dual sensor,RCT,30,,8.0,TH,Post-QC,19.4,20.9546,1.5546000000000006,1.5546000000000006
Intermediate,Hovermap,RCT,30,,23.0,TH,Post-QC,19.4,20.561,1.1610000000000014,1.1610000000000014
Intermediate,Single sensor,3DFin,30,12.0,,DBH,Post-QC,0.191,0.1937320532928697,0.002732053292869685,0.002732053292869685
Intermediate,Dual sensor,3DFin,30,11.0,,DBH,Post-QC,0.191,0.2013250476333976,0.010325047633397588,0.010325047633397588
Intermediate,Hovermap,3DFin,30,12.0,,DBH,Post-QC,0.191,0.2002288647686983,0.009228864768698304,0.009228864768698304
Intermediate,Single sensor,RCT,30,,23.0,DBH,Post-QC,0.191,0.1636,-0.027400000000000008,0.027400000000000008
Intermediate,Dual sensor,RCT,30,,8.0,DBH,Post-QC,0.191,0.1536,-0.03740000000000002,0.03740000000000002
Intermediate,Hovermap,RCT,30,,23.0,DBH,Post-QC,0.191,0.1512,-0.0398,0.0398
Intermediate,Single sensor,3DFin,34,1.0,,TH,Post-QC,22.8,21.99074681254828,-0.8092531874517199,0.8092531874517199
Intermediate,Dual sensor,3DFin,34,2.0,,TH,Post-QC,22.8,22.467901593523642,-0.3320984064763621,0.3320984064763621
Intermediate,Hovermap,3DFin,34,2.0,,TH,Post-QC,22.8,22.151477377529012,-0.6485226224709919,0.6485226224709919
Intermediate,Single sensor,RCT,34,,12.0,TH,Post-QC,22.8,22.7669,-0.03310000000000102,0.03310000000000102
Intermediate,Dual sensor,RCT,34,,13.0,TH,Post-QC,22.8,23.2525,0.4525000000000006,0.4525000000000006
Intermediate,Hovermap,RCT,34,,12.0,TH,Post-QC,22.8,23.2274,0.42739999999999867,0.42739999999999867
Intermediate,Single sensor,3DFin,34,1.0,,DBH,Post-QC,0.365,0.3764075692177261,0.01140756921772612,0.01140756921772612
Intermediate,Dual sensor,3DFin,34,2.0,,DBH,Post-QC,0.365,0.3802873862914099,0.01528738629140991,0.01528738629140991
Intermediate,Hovermap,3DFin,34,2.0,,DBH,Post-QC,0.365,0.3786722579418879,0.013672257941887922,0.013672257941887922
Intermediate,Single sensor,RCT,34,,12.0,DBH,Post-QC,0.365,0.3044,-0.06059999999999999,0.06059999999999999
Intermediate,Dual sensor,RCT,34,,13.0,DBH,Post-QC,0.365,0.3108,-0.05419999999999997,0.05419999999999997
Intermediate,Hovermap,RCT,34,,12.0,DBH,Post-QC,0.365,0.3076,-0.057400000000000014,0.057400000000000014
Challenging,Single sensor,3DFin,1,25.0,,DBH,Post-QC,0.379,0.3929851270244376,0.013985127024437605,0.013985127024437605
Challenging,Dual sensor,3DFin,1,29.0,,DBH,Post-QC,0.379,0.384362910674294,0.005362910674294008,0.005362910674294008
Challenging,Hovermap,3DFin,1,29.0,,DBH,Post-QC,0.379,0.39280744578616605,0.013807445786165995,0.013807445786165995
Challenging,Single sensor,RCT,1,,26.0,DBH,Post-QC,0.379,0.3062,-0.07279999999999998,0.07279999999999998
Challenging,Dual sensor,RCT,1,,24.0,DBH,Post-QC,0.379,0.3198,-0.05920000000000002,0.05920000000000002
Challenging,Hovermap,RCT,1,,23.0,DBH,Post-QC,0.379,0.2888,-0.0902,0.0902
Challenging,Single sensor,3DFin,2,26.0,,TH,Post-QC,26.4,25.95295623442875,-0.447043765571248,0.447043765571248
Challenging,Dual sensor,3DFin,2,28.0,,TH,Post-QC,26.4,26.43828381721548,0.038283817215482685,0.038283817215482685
Challenging,Hovermap,3DFin,2,28.0,,TH,Post-QC,26.4,26.556274648404397,0.15627464840440194,0.15627464840440194
Challenging,Single sensor,RCT,2,,19.0,TH,Post-QC,26.4,26.6636,0.2636000000000003,0.2636000000000003
Challenging,Dual sensor,RCT,2,,19.0,TH,Post-QC,26.4,19.4676,-6.932399999999998,6.932399999999998
Challenging,Hovermap,RCT,2,,17.0,TH,Post-QC,26.4,26.9733,0.5732999999999997,0.5732999999999997
Challenging,Single sensor,3DFin,2,26.0,,DBH,Post-QC,0.31,0.3393729580839066,0.029372958083906612,0.029372958083906612
Challenging,Dual sensor,3DFin,2,28.0,,DBH,Post-QC,0.31,0.3354227495196103,0.025422749519610318,0.025422749519610318
Challenging,Hovermap,3DFin,2,28.0,,DBH,Post-QC,0.31,0.334936552502016,0.024936552502015985,0.024936552502015985
Challenging,Single sensor,RCT,2,,19.0,DBH,Post-QC,0.31,0.2427,-0.0673,0.0673
Challenging,Dual sensor,RCT,2,,19.0,DBH,Post-QC,0.31,0.32,0.010000000000000007,0.010000000000000007
Challenging,Hovermap,RCT,2,,17.0,DBH,Post-QC,0.31,0.3144,0.004400000000000015,0.004400000000000015
Challenging,Single sensor,3DFin,3,19.0,,TH,Post-QC,27.0,23.63130652899088,-3.3686934710091205,3.3686934710091205
Challenging,Dual sensor,3DFin,3,25.0,,TH,Post-QC,27.0,24.83018609214253,-2.1698139078574705,2.1698139078574705
Challenging,Hovermap,3DFin,3,23.0,,TH,Post-QC,27.0,25.548938198575396,-1.4510618014246006,1.4510618014246006
Challenging,Single sensor,RCT,3,,20.0,TH,Post-QC,27.0,24.9311,-2.0688999999999997,2.0688999999999997
Challenging,Dual sensor,RCT,3,,17.0,TH,Post-QC,27.0,26.2145,-0.785499999999999,0.785499999999999
Challenging,Hovermap,RCT,3,,16.0,TH,Post-QC,27.0,25.6901,-1.309899999999999,1.309899999999999
Challenging,Single sensor,3DFin,3,19.0,,DBH,Post-QC,0.262,0.2724593913911512,0.010459391391151207,0.010459391391151207
Challenging,Dual sensor,3DFin,3,25.0,,DBH,Post-QC,0.262,0.275115513349364,0.013115513349364005,0.013115513349364005
Challenging,Hovermap,3DFin,3,23.0,,DBH,Post-QC,0.262,0.27664851366177,0.014648513661770004,0.014648513661770004
Challenging,Single sensor,RCT,3,,20.0,DBH,Post-QC,0.262,0.241,-0.02099999999999999,0.02099999999999999
Challenging,Dual sensor,RCT,3,,17.0,DBH,Post-QC,0.262,0.235,-0.027000000000000024,0.027000000000000024
Challenging,Hovermap,RCT,3,,16.0,DBH,Post-QC,0.262,0.1641,-0.0979,0.0979
Challenging,Single sensor,3DFin,5,27.0,,DBH,Post-QC,0.08900000000000001,0.1466040287636955,0.0576040287636955,0.0576040287636955
Challenging,Dual sensor,3DFin,5,30.0,,DBH,Post-QC,0.08900000000000001,0.1210063459371726,0.032006345937172616,0.032006345937172616
Challenging,Hovermap,3DFin,5,30.0,,DBH,Post-QC,0.08900000000000001,0.11701716490965801,0.028017164909658,0.028017164909658
Challenging,Single sensor,RCT,5,,41.0,DBH,Post-QC,0.08900000000000001,0.15,0.060999999999999985,0.060999999999999985
Challenging,Dual sensor,RCT,5,,38.0,DBH,Post-QC,0.08900000000000001,0.1194,0.0304,0.0304
Challenging,Hovermap,RCT,5,,41.0,DBH,Post-QC,0.08900000000000001,0.1186,0.029599999999999987,0.029599999999999987
Challenging,Single sensor,3DFin,6,22.0,,TH,Post-QC,26.1,26.150676868291477,0.05067686829147888,0.05067686829147888
Challenging,Dual sensor,3DFin,6,24.0,,TH,Post-QC,26.1,25.01148948114595,-1.0885105188540507,1.0885105188540507
Challenging,Hovermap,3DFin,6,25.0,,TH,Post-QC,26.1,26.5190241966968,0.4190241966967996,0.4190241966967996
Challenging,Single sensor,RCT,6,,11.0,TH,Post-QC,26.1,26.524,0.4239999999999995,0.4239999999999995
Challenging,Dual sensor,RCT,6,,7.0,TH,Post-QC,26.1,26.7223,0.6222999999999992,0.6222999999999992
Challenging,Hovermap,RCT,6,,10.0,TH,Post-QC,26.1,26.9036,0.8035999999999994,0.8035999999999994
Challenging,Single sensor,3DFin,6,22.0,,DBH,Post-QC,0.425,0.4769553705353858,0.051955370535385785,0.051955370535385785
Challenging,Dual sensor,3DFin,6,24.0,,DBH,Post-QC,0.425,0.4600141595235485,0.035014159523548534,0.035014159523548534
Challenging,Hovermap,3DFin,6,25.0,,DBH,Post-QC,0.425,0.459210992831951,0.034210992831951004,0.034210992831951004
Challenging,Single sensor,RCT,6,,11.0,DBH,Post-QC,0.425,0.4642,0.03920000000000001,0.03920000000000001
Challenging,Dual sensor,RCT,6,,7.0,DBH,Post-QC,0.425,0.4676,0.042600000000000034,0.042600000000000034
Challenging,Hovermap,RCT,6,,10.0,DBH,Post-QC,0.425,0.2715,-0.15349999999999994,0.15349999999999994
Challenging,Single sensor,3DFin,8,16.0,,TH,Post-QC,28.4,23.323284874186577,-5.076715125813418,5.076715125813418
Challenging,Dual sensor,3DFin,8,21.0,,TH,Post-QC,28.4,23.123918613872426,-5.276081386127569,5.276081386127569
Challenging,Hovermap,3DFin,8,20.0,,TH,Post-QC,28.4,23.496124311030602,-4.903875688969401,4.903875688969401
Challenging,Single sensor,RCT,8,,0.0,TH,Post-QC,28.4,23.8554,-4.544599999999999,4.544599999999999
Challenging,Dual sensor,RCT,8,,0.0,TH,Post-QC,28.4,23.8334,-4.5665999999999976,4.5665999999999976
Challenging,Hovermap,RCT,8,,0.0,TH,Post-QC,28.4,24.4758,-3.924199999999999,3.924199999999999
Challenging,Single sensor,3DFin,8,16.0,,DBH,Post-QC,0.392,0.4475494653235814,0.055549465323581404,0.055549465323581404
Challenging,Dual sensor,3DFin,8,21.0,,DBH,Post-QC,0.392,0.4975557470073035,0.10555574700730347,0.10555574700730347
Challenging,Hovermap,3DFin,8,20.0,,DBH,Post-QC,0.392,0.430465185005031,0.03846518500503099,0.03846518500503099
Challenging,Single sensor,RCT,8,,0.0,DBH,Post-QC,0.392,0.4592,0.06719999999999997,0.06719999999999997
Challenging,Dual sensor,RCT,8,,0.0,DBH,Post-QC,0.392,0.3281,-0.06390000000000001,0.06390000000000001
Challenging,Hovermap,RCT,8,,0.0,DBH,Post-QC,0.392,0.262,-0.13,0.13
Challenging,Single sensor,3DFin,9,14.0,,TH,Post-QC,25.1,22.77134138276383,-2.3286586172361723,2.3286586172361723
Challenging,Dual sensor,3DFin,9,15.0,,TH,Post-QC,25.1,25.46773260035001,0.3677326003500099,0.3677326003500099
Challenging,Hovermap,3DFin,9,16.0,,TH,Post-QC,25.1,26.0710009801581,0.9710009801580988,0.9710009801580988
Challenging,Single sensor,RCT,9,,1.0,TH,Post-QC,25.1,25.5944,0.4943999999999989,0.4943999999999989
Challenging,Dual sensor,RCT,9,,1.0,TH,Post-QC,25.1,26.0135,0.9134999999999992,0.9134999999999992
Challenging,Hovermap,RCT,9,,1.0,TH,Post-QC,25.1,26.9065,1.8065,1.8065
Challenging,Single sensor,3DFin,9,14.0,,DBH,Post-QC,0.355,0.3720876609712425,0.01708766097124254,0.01708766097124254
Challenging,Dual sensor,3DFin,9,15.0,,DBH,Post-QC,0.355,0.3770568923913736,0.0220568923913736,0.0220568923913736
Challenging,Hovermap,3DFin,9,16.0,,DBH,Post-QC,0.355,0.36784537137380297,0.012845371373803037,0.012845371373803037
Challenging,Single sensor,RCT,9,,1.0,DBH,Post-QC,0.355,0.2046,-0.15039999999999998,0.15039999999999998
Challenging,Dual sensor,RCT,9,,1.0,DBH,Post-QC,0.355,0.2284,-0.1266,0.1266
Challenging,Hovermap,RCT,9,,1.0,DBH,Post-QC,0.355,0.2262,-0.12879999999999994,0.12879999999999994
Challenging,Single sensor,3DFin,13,2.0,,DBH,Post-QC,0.159,0.1788149542147684,0.019814954214768397,0.019814954214768397
Challenging,Dual sensor,3DFin,13,11.0,,DBH,Post-QC,0.159,0.1766843425351999,0.017684342535199904,0.017684342535199904
Challenging,Hovermap,3DFin,13,1.0,,DBH,Post-QC,0.159,0.180300179011076,0.021300179011076004,0.021300179011076004
Challenging,Single sensor,RCT,13,,6.0,DBH,Post-QC,0.159,0.1652,0.006200000000000011,0.006200000000000011
Challenging,Dual sensor,RCT,13,,31.0,DBH,Post-QC,0.159,0.0877,-0.0713,0.0713
Challenging,Hovermap,RCT,13,,3.0,DBH,Post-QC,0.159,0.1454,-0.0136,0.0136
Challenging,Single sensor,3DFin,14,4.0,,TH,Post-QC,24.7,24.783715215803234,0.08371521580323105,0.08371521580323105
Challenging,Dual sensor,3DFin,14,3.0,,TH,Post-QC,24.7,25.7658569348752,1.0658569348751996,1.0658569348751996
Challenging,Hovermap,3DFin,14,5.0,,TH,Post-QC,24.7,26.3267422765458,1.6267422765458015,1.6267422765458015
Challenging,Single sensor,RCT,14,,10.0,TH,Post-QC,24.7,24.6232,-0.07679999999999865,0.07679999999999865
Challenging,Dual sensor,RCT,14,,5.0,TH,Post-QC,24.7,26.2021,1.5021000000000022,1.5021000000000022
Challenging,Hovermap,RCT,14,,5.0,TH,Post-QC,24.7,26.9253,2.2253000000000007,2.2253000000000007
Challenging,Single sensor,3DFin,14,4.0,,DBH,Post-QC,0.41,0.4112047885678457,0.0012047885678457269,0.0012047885678457269
Challenging,Dual sensor,3DFin,14,3.0,,DBH,Post-QC,0.41,0.40249384329294396,-0.0075061567070559545,0.0075061567070559545
Challenging,Hovermap,3DFin,14,5.0,,DBH,Post-QC,0.41,0.410356462792057,0.00035646279205703285,0.00035646279205703285
Challenging,Single sensor,RCT,14,,10.0,DBH,Post-QC,0.41,0.319,-0.09099999999999996,0.09099999999999996
Challenging,Dual sensor,RCT,14,,5.0,DBH,Post-QC,0.41,0.2492,-0.16079999999999994,0.16079999999999994
Challenging,Hovermap,RCT,14,,5.0,DBH,Post-QC,0.41,0.3025,-0.10749999999999997,0.10749999999999997
Challenging,Single sensor,3DFin,16,15.0,,TH,Post-QC,27.0,23.495367331520352,-3.504632668479651,3.504632668479651
Challenging,Dual sensor,3DFin,16,16.0,,TH,Post-QC,27.0,21.96471807495474,-5.035281925045262,5.035281925045262
Challenging,Hovermap,3DFin,16,17.0,,TH,Post-QC,27.0,23.593856979511,-3.4061430204890013,3.4061430204890013
Challenging,Single sensor,RCT,16,,17.0,TH,Post-QC,27.0,24.723000000000006,-2.276999999999997,2.276999999999997
Challenging,Dual sensor,RCT,16,,15.0,TH,Post-QC,27.0,25.9186,-1.0813999999999986,1.0813999999999986
Challenging,Hovermap,RCT,16,,14.0,TH,Post-QC,27.0,25.834,-1.1660000000000004,1.1660000000000004
Challenging,Single sensor,3DFin,16,15.0,,DBH,Post-QC,0.28,0.3107082994905211,0.030708299490521063,0.030708299490521063
Challenging,Dual sensor,3DFin,16,16.0,,DBH,Post-QC,0.28,0.312491486204031,0.032491486204030966,0.032491486204030966
Challenging,Hovermap,3DFin,16,17.0,,DBH,Post-QC,0.28,0.312224735506382,0.032224735506382,0.032224735506382
Challenging,Single sensor,RCT,16,,17.0,DBH,Post-QC,0.28,0.1658,-0.11420000000000002,0.11420000000000002
Challenging,Dual sensor,RCT,16,,15.0,DBH,Post-QC,0.28,0.2394,-0.040600000000000025,0.040600000000000025
Challenging,Hovermap,RCT,16,,14.0,DBH,Post-QC,0.28,0.2406,-0.03940000000000002,0.03940000000000002
Challenging,Single sensor,3DFin,18,1.0,,TH,Post-QC,20.6,19.32515429526752,-1.2748457047324813,1.2748457047324813
Challenging,Dual sensor,3DFin,18,2.0,,TH,Post-QC,20.6,20.17447862492743,-0.42552137507257015,0.42552137507257015
Challenging,Hovermap,3DFin,18,2.0,,TH,Post-QC,20.6,20.471174262632,-0.1288257373680004,0.1288257373680004
Challenging,Single sensor,RCT,18,,18.0,TH,Post-QC,20.6,20.0895,-0.5105000000000004,0.5105000000000004
Challenging,Dual sensor,RCT,18,,16.0,TH,Post-QC,20.6,20.5909,-0.009100000000000108,0.009100000000000108
Challenging,Hovermap,RCT,18,,15.0,TH,Post-QC,20.6,20.6781,0.07809999999999917,0.07809999999999917
Challenging,Single sensor,3DFin,18,1.0,,DBH,Post-QC,0.221,0.2421485820037796,0.021148582003779587,0.021148582003779587
Challenging,Dual sensor,3DFin,18,2.0,,DBH,Post-QC,0.221,0.2467490347477151,0.025749034747715092,0.025749034747715092
Challenging,Hovermap,3DFin,18,2.0,,DBH,Post-QC,0.221,0.23860707723456195,0.01760707723456201,0.01760707723456201
Challenging,Single sensor,RCT,18,,18.0,DBH,Post-QC,0.221,0.2606,0.0396,0.0396
Challenging,Dual sensor,RCT,18,,16.0,DBH,Post-QC,0.221,0.251,0.03,0.03
Challenging,Hovermap,RCT,18,,15.0,DBH,Post-QC,0.221,0.2442,0.0232,0.0232
Challenging,Single sensor,3DFin,19,10.0,,TH,Post-QC,28.5,25.204860855677598,-3.2951391443223983,3.2951391443223983
Challenging,Dual sensor,3DFin,19,6.0,,TH,Post-QC,28.5,25.05045881770254,-3.4495411822974593,3.4495411822974593
Challenging,Hovermap,3DFin,19,9.0,,TH,Post-QC,28.5,25.3669403305913,-3.1330596694086985,3.1330596694086985
Challenging,Single sensor,RCT,19,,24.0,TH,Post-QC,28.5,25.8867,-2.6132999999999993,2.6132999999999993
Challenging,Dual sensor,RCT,19,,21.0,TH,Post-QC,28.5,25.9678,-2.5322,2.5322
Challenging,Hovermap,RCT,19,,20.0,TH,Post-QC,28.5,25.898000000000003,-2.6019999999999968,2.6019999999999968
Challenging,Single sensor,3DFin,19,10.0,,DBH,Post-QC,0.32,0.343267440518177,0.02326744051817697,0.02326744051817697
Challenging,Dual sensor,3DFin,19,6.0,,DBH,Post-QC,0.32,0.346970120371653,0.02697012037165297,0.02697012037165297
Challenging,Hovermap,3DFin,19,9.0,,DBH,Post-QC,0.32,0.329156741650749,0.00915674165074898,0.00915674165074898
Challenging,Single sensor,RCT,19,,24.0,DBH,Post-QC,0.32,0.3066,-0.013400000000000023,0.013400000000000023
Challenging,Dual sensor,RCT,19,,21.0,DBH,Post-QC,0.32,0.2902,-0.029799999999999993,0.029799999999999993
Challenging,Hovermap,RCT,19,,20.0,DBH,Post-QC,0.32,0.2634,-0.05659999999999999,0.05659999999999999
Challenging,Single sensor,3DFin,20,11.0,,TH,Post-QC,23.3,23.52228838433703,0.22228838433703046,0.22228838433703046
Challenging,Dual sensor,3DFin,20,9.0,,TH,Post-QC,23.3,24.28873590393557,0.98873590393557,0.98873590393557
Challenging,Hovermap,3DFin,20,11.0,,TH,Post-QC,23.3,24.5545934471212,1.2545934471211986,1.2545934471211986
Challenging,Single sensor,RCT,20,,29.0,TH,Post-QC,23.3,24.5491,1.2490999999999983,1.2490999999999983
Challenging,Dual sensor,RCT,20,,27.0,TH,Post-QC,23.3,25.2272,1.9271999999999991,1.9271999999999991
Challenging,Hovermap,RCT,20,,26.0,TH,Post-QC,23.3,24.7128,1.4128000000000007,1.4128000000000007
Challenging,Single sensor,3DFin,20,11.0,,DBH,Post-QC,0.348,0.3737416578002283,0.0257416578002283,0.0257416578002283
Challenging,Dual sensor,3DFin,20,9.0,,DBH,Post-QC,0.348,0.4368596560121264,0.08885965601212642,0.08885965601212642
Challenging,Hovermap,3DFin,20,11.0,,DBH,Post-QC,0.348,0.3777182671119729,0.029718267111973007,0.029718267111973007
Challenging,Single sensor,RCT,20,,29.0,DBH,Post-QC,0.348,0.2884,-0.059599999999999986,0.059599999999999986
Challenging,Dual sensor,RCT,20,,27.0,DBH,Post-QC,0.348,0.319,-0.02899999999999997,0.02899999999999997
Challenging,Hovermap,RCT,20,,26.0,DBH,Post-QC,0.348,0.2682,-0.07979999999999997,0.07979999999999997
Challenging,Single sensor,3DFin,26,21.0,,DBH,Post-QC,0.23399999999999999,0.2503035264367184,0.01630352643671837,0.01630352643671837
Challenging,Dual sensor,3DFin,26,22.0,,DBH,Post-QC,0.23399999999999999,0.2553262450591902,0.0213262450591902,0.0213262450591902
Challenging,Hovermap,3DFin,26,22.0,,DBH,Post-QC,0.23399999999999999,0.246054648374298,0.012054648374297984,0.012054648374297984
Challenging,Single sensor,RCT,26,,32.0,DBH,Post-QC,0.234,0.297,0.063,0.063
Challenging,Dual sensor,RCT,26,,30.0,DBH,Post-QC,0.234,0.2588,0.024799999999999992,0.024799999999999992
Challenging,Hovermap,RCT,26,,29.0,DBH,Post-QC,0.234,0.2472,0.013200000000000016,0.013200000000000016
Challenging,Single sensor,3DFin,28,20.0,,TH,Post-QC,28.9,24.441184531498646,-4.458815468501348,4.458815468501348
Challenging,Dual sensor,3DFin,28,23.0,,TH,Post-QC,28.9,26.15949558686987,-2.740504413130129,2.740504413130129
Challenging,Hovermap,3DFin,28,24.0,,TH,Post-QC,28.9,26.470761949542304,-2.4292380504576983,2.4292380504576983
Challenging,Single sensor,RCT,28,,27.0,TH,Post-QC,28.9,26.1939,-2.7060999999999997,2.7060999999999997
Challenging,Dual sensor,RCT,28,,25.0,TH,Post-QC,28.9,26.7291,-2.1709,2.1709
Challenging,Hovermap,RCT,28,,24.0,TH,Post-QC,28.9,26.9704,-1.9295999999999967,1.9295999999999967
Challenging,Single sensor,3DFin,28,20.0,,DBH,Post-QC,0.436,0.4987021462227905,0.06270214622279052,0.06270214622279052
Challenging,Dual sensor,3DFin,28,23.0,,DBH,Post-QC,0.436,0.4659418600159854,0.029941860015985425,0.029941860015985425
Challenging,Hovermap,3DFin,28,24.0,,DBH,Post-QC,0.436,0.462793945850258,0.026793945850258016,0.026793945850258016
Challenging,Single sensor,RCT,28,,27.0,DBH,Post-QC,0.436,0.4278,-0.008199999999999985,0.008199999999999985
Challenging,Dual sensor,RCT,28,,25.0,DBH,Post-QC,0.436,0.434,-0.0020000000000000018,0.0020000000000000018
Challenging,Hovermap,RCT,28,,24.0,DBH,Post-QC,0.436,0.416,-0.01999999999999996,0.01999999999999996
Challenging,Single sensor,3DFin,29,23.0,,TH,Post-QC,26.6,26.408818152727452,-0.19118184727255286,0.19118184727255286
Challenging,Dual sensor,3DFin,29,26.0,,TH,Post-QC,26.6,26.81911203424036,0.2191120342403572,0.2191120342403572
Challenging,Hovermap,3DFin,29,26.0,,TH,Post-QC,26.6,26.4630067836698,-0.13699321633020034,0.13699321633020034
Challenging,Single sensor,RCT,29,,30.0,TH,Post-QC,26.6,26.9813,0.3812999999999995,0.3812999999999995
Challenging,Dual sensor,RCT,29,,28.0,TH,Post-QC,26.6,25.2122,-1.387800000000002,1.387800000000002
Challenging,Hovermap,RCT,29,,27.0,TH,Post-QC,26.6,26.5483,-0.0517000000000003,0.0517000000000003
Challenging,Single sensor,3DFin,29,23.0,,DBH,Post-QC,0.22,0.2493658889254767,0.029365888925476705,0.029365888925476705
Challenging,Dual sensor,3DFin,29,26.0,,DBH,Post-QC,0.22,0.2494286903811332,0.029428690381133188,0.029428690381133188
Challenging,Hovermap,3DFin,29,26.0,,DBH,Post-QC,0.22,0.237095237031842,0.017095237031841987,0.017095237031841987
Challenging,Single sensor,RCT,29,,30.0,DBH,Post-QC,0.22,0.2146,-0.005399999999999988,0.005399999999999988
Challenging,Dual sensor,RCT,29,,28.0,DBH,Post-QC,0.22,0.2212,0.0012000000000000064,0.0012000000000000064
Challenging,Hovermap,RCT,29,,27.0,DBH,Post-QC,0.22,0.188,-0.032,0.032
Challenging,Single sensor,3DFin,30,24.0,,TH,Post-QC,26.7,25.96702890835759,-0.7329710916424084,0.7329710916424084
Challenging,Dual sensor,3DFin,30,27.0,,TH,Post-QC,26.7,26.742198819425177,0.042198819425181,0.042198819425181
Challenging,Hovermap,3DFin,30,27.0,,TH,Post-QC,26.7,27.100760886041698,0.40076088604170224,0.40076088604170224
Challenging,Single sensor,RCT,30,,31.0,TH,Post-QC,26.7,27.3729,0.672900000000002,0.672900000000002
Challenging,Dual sensor,RCT,30,,29.0,TH,Post-QC,26.7,27.6248,0.9248000000000012,0.9248000000000012
Challenging,Hovermap,RCT,30,,28.0,TH,Post-QC,26.7,27.6248,0.9248000000000012,0.9248000000000012
Challenging,Single sensor,3DFin,30,24.0,,DBH,Post-QC,0.366,0.3973995255740289,0.03139952557402892,0.03139952557402892
Challenging,Dual sensor,3DFin,30,27.0,,DBH,Post-QC,0.366,0.3990773278566414,0.033077327856641414,0.033077327856641414
Challenging,Hovermap,3DFin,30,27.0,,DBH,Post-QC,0.366,0.39196729051997603,0.025967290519975983,0.025967290519975983
Challenging,Single sensor,RCT,30,,31.0,DBH,Post-QC,0.366,0.406,0.040000000000000036,0.040000000000000036
Challenging,Dual sensor,RCT,30,,29.0,DBH,Post-QC,0.366,0.3888,0.022799999999999987,0.022799999999999987
Challenging,Hovermap,RCT,30,,28.0,DBH,Post-QC,0.366,0.3676,0.0015999999999999905,0.0015999999999999905
Challenging,Single sensor,3DFin,37,5.0,,DBH,Post-QC,0.079,0.07551714109970323,-0.003482858900296773,0.003482858900296773
Challenging,Dual sensor,3DFin,37,5.0,,DBH,Post-QC,0.079,0.13260286533885798,0.05360286533885801,0.05360286533885801
Challenging,Hovermap,3DFin,37,4.0,,DBH,Post-QC,0.079,0.103327562047981,0.024327562047981,0.024327562047981
Challenging,Single sensor,RCT,37,,25.0,DBH,Post-QC,0.079,0.0978,0.0188,0.0188
Challenging,Dual sensor,RCT,37,,23.0,DBH,Post-QC,0.079,0.1364,0.057399999999999986,0.057399999999999986
Challenging,Hovermap,RCT,37,,22.0,DBH,Post-QC,0.079,0.0991,0.020099999999999996,0.020099999999999996
