Terrain,Scanner,segment_id,GT_ID,GT_TH,before_TH,after_TH,before_TH_error,after_TH_error,before_TH_abs_error,after_TH_abs_error,TH_delta_abs_error,GT_DBH,before_DBH,after_DBH,before_DBH_error,after_DBH_error,before_DBH_abs_error,after_DBH_abs_error,DBH_delta_abs_error,attribute_value_source,source_clean_file
Easy,Single sensor,0,21,31.4,29.6019,29.6801,-1.798099999999998,-1.719899999999999,1.798099999999998,1.719899999999999,-0.07819999999999894,0.627,0.5106,0.4994,-0.11639999999999995,-0.1276,0.11639999999999995,0.1276,0.011200000000000043,cleaned,
Easy,Single sensor,1,13,21.9,22.346999999999998,22.3077,0.4469999999999992,0.40770000000000195,0.4469999999999992,0.40770000000000195,-0.039299999999997226,0.248,0.2292,0.2292,-0.01880000000000001,-0.01880000000000001,0.01880000000000001,0.01880000000000001,0.0,cleaned,
Easy,Single sensor,2,20,22.5,26.3665,26.3665,3.8664999999999985,3.8664999999999985,3.8664999999999985,3.8664999999999985,0.0,0.45299999999999996,0.32899999999999996,0.32899999999999996,-0.124,-0.124,0.124,0.124,0.0,original,
Easy,Single sensor,3,17,16.8,19.9813,19.9813,3.1813000000000002,3.1813000000000002,3.1813000000000002,3.1813000000000002,0.0,0.35100000000000003,0.2686,0.2686,-0.08240000000000003,-0.08240000000000003,0.08240000000000003,0.08240000000000003,0.0,original,
Easy,Single sensor,4,27,30.5,28.3266,28.2832,-2.173400000000001,-2.216799999999999,2.173400000000001,2.216799999999999,0.04339999999999833,0.488,0.4376,0.4348,-0.0504,-0.05319999999999997,0.0504,0.05319999999999997,0.002799999999999969,cleaned,
Easy,Single sensor,6,6,27.7,26.9184,26.9184,-0.781600000000001,-0.781600000000001,0.781600000000001,0.781600000000001,0.0,0.631,0.5086,0.5086,-0.12239999999999995,-0.12239999999999995,0.12239999999999995,0.12239999999999995,0.0,original,
Easy,Single sensor,7,33,27.8,28.9578,28.9578,1.1577999999999982,1.1577999999999982,1.1577999999999982,1.1577999999999982,0.0,0.596,0.4658,0.4658,-0.13019999999999998,-0.13019999999999998,0.13019999999999998,0.13019999999999998,0.0,original,
Easy,Single sensor,8,34,25.2,26.7968,27.0095,1.5968000000000018,1.8094999999999999,1.5968000000000018,1.8094999999999999,0.2126999999999981,0.5489999999999999,0.4474,0.44799999999999995,-0.10159999999999991,-0.10099999999999998,0.10159999999999991,0.10099999999999998,-0.0005999999999999339,cleaned,
Easy,Single sensor,9,31,23.9,25.5125,25.4234,1.6125000000000007,1.5234000000000023,1.6125000000000007,1.5234000000000023,-0.0890999999999984,0.5579999999999999,0.4556,0.4552,-0.10239999999999994,-0.10279999999999995,0.10239999999999994,0.10279999999999995,0.00040000000000001146,cleaned,
Easy,Dual sensor,0,21,31.4,30.4447,30.487,-0.9552999999999976,-0.9130000000000003,0.9552999999999976,0.9130000000000003,-0.04229999999999734,0.627,0.5148,0.5026,-0.11219999999999997,-0.12439999999999996,0.11219999999999997,0.12439999999999996,0.012199999999999989,cleaned,
Easy,Dual sensor,1,13,21.9,24.0135,22.607,2.113500000000002,0.7070000000000007,2.113500000000002,0.7070000000000007,-1.4065000000000012,0.248,0.231,0.2296,-0.016999999999999987,-0.0184,0.016999999999999987,0.0184,0.0014000000000000123,cleaned,
Easy,Dual sensor,2,20,22.5,26.7186,26.6743,4.218599999999999,4.174299999999999,4.218599999999999,4.174299999999999,-0.044299999999999784,0.45299999999999996,0.3368,0.3326,-0.11619999999999997,-0.12039999999999995,0.11619999999999997,0.12039999999999995,0.0041999999999999815,cleaned,
Easy,Dual sensor,3,17,16.8,20.0183,20.0183,3.2182999999999993,3.2182999999999993,3.2182999999999993,3.2182999999999993,0.0,0.35100000000000003,0.2638,0.2638,-0.08720000000000006,-0.08720000000000006,0.08720000000000006,0.08720000000000006,0.0,original,
Easy,Dual sensor,4,27,30.5,28.8655,29.0049,-1.6344999999999992,-1.4951000000000008,1.6344999999999992,1.4951000000000008,-0.13939999999999841,0.488,0.42100000000000004,0.419,-0.06699999999999995,-0.069,0.06699999999999995,0.069,0.0020000000000000573,cleaned,
Easy,Dual sensor,6,6,27.7,27.2505,27.2505,-0.44950000000000045,-0.44950000000000045,0.44950000000000045,0.44950000000000045,0.0,0.631,0.5076,0.5076,-0.12339999999999995,-0.12339999999999995,0.12339999999999995,0.12339999999999995,0.0,original_reprocessing_exception,
Easy,Dual sensor,7,33,27.8,29.4419,29.4419,1.6418999999999997,1.6418999999999997,1.6418999999999997,1.6418999999999997,0.0,0.596,0.46799999999999997,0.46799999999999997,-0.128,-0.128,0.128,0.128,0.0,original,
Easy,Dual sensor,8,34,25.2,27.5779,25.2756,2.3779000000000003,0.07560000000000144,2.3779000000000003,0.07560000000000144,-2.302299999999999,0.5489999999999999,0.45399999999999996,0.4564,-0.09499999999999997,-0.09259999999999996,0.09499999999999997,0.09259999999999996,-0.0024000000000000132,cleaned,
Easy,Dual sensor,9,31,23.9,25.7792,25.7792,1.8792000000000009,1.8792000000000009,1.8792000000000009,1.8792000000000009,0.0,0.5579999999999999,0.4532,0.4532,-0.10479999999999995,-0.10479999999999995,0.10479999999999995,0.10479999999999995,0.0,original,
Easy,Hovermap,1,21,31.4,30.9946,30.9466,-0.4054000000000002,-0.45339999999999847,0.4054000000000002,0.45339999999999847,0.047999999999998266,0.627,0.4948,0.4856,-0.13219999999999998,-0.14140000000000003,0.13219999999999998,0.14140000000000003,0.009200000000000041,cleaned_merged_H0_into_H1,
Easy,Hovermap,2,13,21.9,22.6445,22.7241,0.7445000000000022,0.8241000000000014,0.7445000000000022,0.8241000000000014,0.07959999999999923,0.248,0.2164,0.217,-0.03159999999999999,-0.031,0.03159999999999999,0.031,-0.0005999999999999894,cleaned,
Easy,Hovermap,3,20,22.5,26.7376,26.7731,4.2376000000000005,4.2730999999999995,4.2376000000000005,4.2730999999999995,0.03549999999999898,0.45299999999999996,0.3348,0.335,-0.11819999999999997,-0.11799999999999994,0.11819999999999997,0.11799999999999994,-0.00020000000000003348,cleaned,
Easy,Hovermap,4,17,16.8,19.9685,19.9685,3.168499999999998,3.168499999999998,3.168499999999998,3.168499999999998,0.0,0.35100000000000003,0.2558,0.2558,-0.0952,-0.0952,0.0952,0.0952,0.0,original,
Easy,Hovermap,5,27,30.5,30.9453,31.0388,0.4452999999999996,0.5387999999999984,0.4452999999999996,0.5387999999999984,0.0934999999999988,0.488,0.4086,0.4098,-0.07939999999999997,-0.07819999999999999,0.07939999999999997,0.07819999999999999,-0.0011999999999999789,cleaned,
Easy,Hovermap,7,6,27.7,27.3759,27.3759,-0.32409999999999783,-0.32409999999999783,0.32409999999999783,0.32409999999999783,0.0,0.631,0.3966,0.3966,-0.2344,-0.2344,0.2344,0.2344,0.0,original,
Easy,Hovermap,8,33,27.8,29.5962,29.5962,1.796199999999999,1.796199999999999,1.796199999999999,1.796199999999999,0.0,0.596,0.4626,0.4626,-0.13339999999999996,-0.13339999999999996,0.13339999999999996,0.13339999999999996,0.0,original,
Easy,Hovermap,9,34,25.2,27.6762,27.6762,2.476200000000002,2.476200000000002,2.476200000000002,2.476200000000002,0.0,0.5489999999999999,0.45,0.45,-0.09899999999999992,-0.09899999999999992,0.09899999999999992,0.09899999999999992,0.0,original,
Easy,Hovermap,10,31,23.9,25.5858,25.5858,1.6858000000000004,1.6858000000000004,1.6858000000000004,1.6858000000000004,0.0,0.5579999999999999,0.4344,0.4344,-0.12359999999999993,-0.12359999999999993,0.12359999999999993,0.12359999999999993,0.0,original,
Intermediate,Single sensor,14,1,21.2,21.886999999999997,21.886999999999997,0.6869999999999976,0.6869999999999976,0.6869999999999976,0.6869999999999976,0.0,0.34,0.2764,0.2764,-0.06360000000000005,-0.06360000000000005,0.06360000000000005,0.06360000000000005,0.0,original,
Intermediate,Single sensor,18,2,20.0,21.4857,21.4857,1.4857000000000014,1.4857000000000014,1.4857000000000014,1.4857000000000014,0.0,0.24100000000000002,0.2092,0.2092,-0.03180000000000002,-0.03180000000000002,0.03180000000000002,0.03180000000000002,0.0,original,
Intermediate,Single sensor,20,4,21.0,22.2764,22.2764,1.2763999999999989,1.2763999999999989,1.2763999999999989,1.2763999999999989,0.0,0.263,0.2616,0.2616,-0.0014000000000000123,-0.0014000000000000123,0.0014000000000000123,0.0014000000000000123,0.0,original,
Intermediate,Single sensor,22,5,21.5,22.3674,22.3674,0.8674,0.8674,0.8674,0.8674,0.0,0.332,0.3078,0.3078,-0.0242,-0.0242,0.0242,0.0242,0.0,original,
Intermediate,Single sensor,17,8,20.4,21.7277,21.7277,1.3277,1.3277,1.3277,1.3277,0.0,0.21600000000000003,0.1878,0.1878,-0.02820000000000003,-0.02820000000000003,0.02820000000000003,0.02820000000000003,0.0,original,
Intermediate,Single sensor,16,9,21.0,21.9188,21.9188,0.918800000000001,0.918800000000001,0.918800000000001,0.918800000000001,0.0,0.28600000000000003,0.294,0.294,0.007999999999999952,0.007999999999999952,0.007999999999999952,0.007999999999999952,0.0,original,
Intermediate,Single sensor,19,11,22.0,22.7064,22.7064,0.7063999999999986,0.7063999999999986,0.7063999999999986,0.7063999999999986,0.0,0.20600000000000002,0.1946,0.1946,-0.011400000000000021,-0.011400000000000021,0.011400000000000021,0.011400000000000021,0.0,original,
Intermediate,Single sensor,13,14,19.5,21.7342,19.8651,2.2342000000000013,0.36510000000000176,2.2342000000000013,0.36510000000000176,-1.8690999999999995,0.233,0.2196,0.2434,-0.013400000000000023,0.010399999999999993,0.013400000000000023,0.010399999999999993,-0.0030000000000000304,cleaned,INT_J_13_GT14_clean.ply
Intermediate,Single sensor,11,15,19.8,20.953000000000003,20.0634,1.1530000000000022,0.26340000000000074,1.1530000000000022,0.26340000000000074,-0.8896000000000015,0.257,0.2188,0.2522,-0.03820000000000001,-0.0048000000000000265,0.03820000000000001,0.0048000000000000265,-0.033399999999999985,cleaned,INT_J_11_GT15_clean.ply
Intermediate,Single sensor,5,16,18.0,20.8254,18.9473,2.8253999999999984,0.9472999999999985,2.8253999999999984,0.9472999999999985,-1.8780999999999999,0.18,0.1714,0.1958,-0.008599999999999997,0.01580000000000001,0.008599999999999997,0.01580000000000001,0.007200000000000012,cleaned,INT_J_5_GT16_clean.ply
Intermediate,Single sensor,8,17,21.8,21.3998,21.3998,-0.40020000000000167,-0.40020000000000167,0.40020000000000167,0.40020000000000167,0.0,0.33899999999999997,0.3022,0.3022,-0.036799999999999944,-0.036799999999999944,0.036799999999999944,0.036799999999999944,0.0,original,
Intermediate,Single sensor,3,19,21.4,22.1843,21.4608,0.7843000000000018,0.06080000000000041,0.7843000000000018,0.06080000000000041,-0.7235000000000014,0.307,0.2656,0.3,-0.04139999999999999,-0.007000000000000006,0.04139999999999999,0.007000000000000006,-0.034399999999999986,cleaned,INT_J_3_GT19_clean.ply
Intermediate,Single sensor,1,20,20.5,20.7174,20.7174,0.21740000000000137,0.21740000000000137,0.21740000000000137,0.21740000000000137,0.0,0.349,0.2992,0.2992,-0.049799999999999955,-0.049799999999999955,0.049799999999999955,0.049799999999999955,0.0,original,
Intermediate,Single sensor,6,22,21.3,21.9969,21.9969,0.6968999999999994,0.6968999999999994,0.6968999999999994,0.6968999999999994,0.0,0.325,0.311,0.311,-0.014000000000000012,-0.014000000000000012,0.014000000000000012,0.014000000000000012,0.0,original,
Intermediate,Single sensor,4,23,19.7,21.3048,21.3048,1.604800000000001,1.604800000000001,1.604800000000001,1.604800000000001,0.0,0.278,0.2654,0.2654,-0.0126,-0.0126,0.0126,0.0126,0.0,original,
Intermediate,Single sensor,0,25,18.3,20.9365,20.9365,2.636499999999998,2.636499999999998,2.636499999999998,2.636499999999998,0.0,0.258,0.2358,0.2358,-0.022199999999999998,-0.022199999999999998,0.022199999999999998,0.022199999999999998,0.0,original,
Intermediate,Single sensor,2,26,17.3,19.1381,19.1381,1.8381000000000007,1.8381000000000007,1.8381000000000007,1.8381000000000007,0.0,0.267,0.2422,0.2422,-0.024800000000000016,-0.024800000000000016,0.024800000000000016,0.024800000000000016,0.0,original,
Intermediate,Single sensor,15,27,21.2,21.5809,21.5809,0.38090000000000046,0.38090000000000046,0.38090000000000046,0.38090000000000046,0.0,0.325,0.307,0.307,-0.018000000000000016,-0.018000000000000016,0.018000000000000016,0.018000000000000016,0.0,original,
Intermediate,Single sensor,9,28,19.8,20.44,20.44,0.6400000000000006,0.6400000000000006,0.6400000000000006,0.6400000000000006,0.0,0.263,0.2358,0.2358,-0.027200000000000002,-0.027200000000000002,0.027200000000000002,0.027200000000000002,0.0,original,
Intermediate,Single sensor,7,29,17.2,19.8533,20.6991,2.6533000000000015,3.499100000000002,2.6533000000000015,3.499100000000002,0.8458000000000006,0.212,0.1814,0.2148,-0.03059999999999999,0.002799999999999997,0.03059999999999999,0.002799999999999997,-0.02779999999999999,cleaned,INT_J_7_GT29_clean.ply
Intermediate,Single sensor,23,30,19.4,19.8337,19.8337,0.43370000000000175,0.43370000000000175,0.43370000000000175,0.43370000000000175,0.0,0.191,0.1636,0.1636,-0.027400000000000008,-0.027400000000000008,0.027400000000000008,0.027400000000000008,0.0,original,
Intermediate,Single sensor,12,34,22.8,22.7669,22.7669,-0.03310000000000102,-0.03310000000000102,0.03310000000000102,0.03310000000000102,0.0,0.365,0.3044,0.3044,-0.06059999999999999,-0.06059999999999999,0.06059999999999999,0.06059999999999999,0.0,original,
Intermediate,Dual sensor,14,1,21.2,21.8724,21.8724,0.6723999999999997,0.6723999999999997,0.6723999999999997,0.6723999999999997,0.0,0.34,0.27899999999999997,0.27899999999999997,-0.061000000000000054,-0.061000000000000054,0.061000000000000054,0.061000000000000054,0.0,original,
Intermediate,Dual sensor,19,2,20.0,21.67,21.67,1.6700000000000017,1.6700000000000017,1.6700000000000017,1.6700000000000017,0.0,0.24100000000000002,0.21,0.21,-0.031000000000000028,-0.031000000000000028,0.031000000000000028,0.031000000000000028,0.0,original,
Intermediate,Dual sensor,22,4,21.0,22.0986,22.0986,1.0986000000000011,1.0986000000000011,1.0986000000000011,1.0986000000000011,0.0,0.263,0.2618,0.2618,-0.0012000000000000344,-0.0012000000000000344,0.0012000000000000344,0.0012000000000000344,0.0,original,
Intermediate,Dual sensor,23,5,21.5,22.5083,22.5083,1.0082999999999984,1.0082999999999984,1.0082999999999984,1.0082999999999984,0.0,0.332,0.3094,0.3094,-0.02260000000000001,-0.02260000000000001,0.02260000000000001,0.02260000000000001,0.0,original,
Intermediate,Dual sensor,18,8,20.4,21.4271,21.4271,1.0271000000000008,1.0271000000000008,1.0271000000000008,1.0271000000000008,0.0,0.21600000000000003,0.1908,0.1908,-0.025200000000000028,-0.025200000000000028,0.025200000000000028,0.025200000000000028,0.0,original,
Intermediate,Dual sensor,17,9,21.0,21.854,21.854,0.8539999999999992,0.8539999999999992,0.8539999999999992,0.8539999999999992,0.0,0.28600000000000003,0.2732,0.2732,-0.012800000000000034,-0.012800000000000034,0.012800000000000034,0.012800000000000034,0.0,original,
Intermediate,Dual sensor,20,11,22.0,23.1155,23.1155,1.1155000000000008,1.1155000000000008,1.1155000000000008,1.1155000000000008,0.0,0.20600000000000002,0.1912,0.1912,-0.014800000000000008,-0.014800000000000008,0.014800000000000008,0.014800000000000008,0.0,original,
Intermediate,Dual sensor,16,14,19.5,22.0611,20.4272,2.5610999999999997,0.9271999999999991,2.5610999999999997,0.9271999999999991,-1.6339000000000006,0.233,0.20800000000000002,0.2354,-0.024999999999999994,0.0023999999999999855,0.024999999999999994,0.0023999999999999855,-0.02260000000000001,cleaned,INT_D_16_GT14_clean.ply
Intermediate,Dual sensor,12,15,19.8,21.7416,19.8641,1.9415999999999976,0.06409999999999982,1.9415999999999976,0.06409999999999982,-1.8774999999999977,0.257,0.2056,0.2452,-0.0514,-0.011800000000000005,0.0514,0.011800000000000005,-0.039599999999999996,cleaned,INT_D_12_GT15_clean.ply
Intermediate,Dual sensor,6,16,18.0,21.8444,18.7255,3.8444000000000003,0.7255000000000003,3.8444000000000003,0.7255000000000003,-3.1189,0.18,0.1644,0.1898,-0.015600000000000003,0.009800000000000003,0.015600000000000003,0.009800000000000003,-0.0058,cleaned,INT_D_6_GT16_clean.ply
Intermediate,Dual sensor,9,17,21.8,22.7401,22.7401,0.940100000000001,0.940100000000001,0.940100000000001,0.940100000000001,0.0,0.33899999999999997,0.2946,0.2946,-0.044399999999999995,-0.044399999999999995,0.044399999999999995,0.044399999999999995,0.0,original,
Intermediate,Dual sensor,3,19,21.4,22.2418,21.6379,0.8418000000000028,0.23789999999999978,0.8418000000000028,0.23789999999999978,-0.603900000000003,0.307,0.26899999999999996,0.3074,-0.038000000000000034,0.00040000000000001146,0.038000000000000034,0.00040000000000001146,-0.03760000000000002,cleaned,INT_D_3_GT19_clean.ply
Intermediate,Dual sensor,1,20,20.5,20.9655,20.9655,0.4654999999999987,0.4654999999999987,0.4654999999999987,0.4654999999999987,0.0,0.349,0.2892,0.2892,-0.059799999999999964,-0.059799999999999964,0.059799999999999964,0.059799999999999964,0.0,original,
Intermediate,Dual sensor,7,22,21.3,22.6874,22.6874,1.3873999999999995,1.3873999999999995,1.3873999999999995,1.3873999999999995,0.0,0.325,0.3108,0.3108,-0.01419999999999999,-0.01419999999999999,0.01419999999999999,0.01419999999999999,0.0,original,
Intermediate,Dual sensor,4,23,19.7,21.4241,21.4241,1.7241,1.7241,1.7241,1.7241,0.0,0.278,0.264,0.264,-0.014000000000000012,-0.014000000000000012,0.014000000000000012,0.014000000000000012,0.0,original,
Intermediate,Dual sensor,0,25,18.3,21.1375,21.1375,2.8374999999999986,2.8374999999999986,2.8374999999999986,2.8374999999999986,0.0,0.258,0.2352,0.2352,-0.022800000000000015,-0.022800000000000015,0.022800000000000015,0.022800000000000015,0.0,original,
Intermediate,Dual sensor,2,26,17.3,18.8382,18.8382,1.5381999999999998,1.5381999999999998,1.5381999999999998,1.5381999999999998,0.0,0.267,0.2376,0.2376,-0.02940000000000001,-0.02940000000000001,0.02940000000000001,0.02940000000000001,0.0,original,
Intermediate,Dual sensor,15,27,21.2,21.4342,21.4342,0.2342000000000013,0.2342000000000013,0.2342000000000013,0.2342000000000013,0.0,0.325,0.2964,0.2964,-0.028600000000000014,-0.028600000000000014,0.028600000000000014,0.028600000000000014,0.0,original,
Intermediate,Dual sensor,10,28,19.8,20.0083,20.0083,0.2082999999999977,0.2082999999999977,0.2082999999999977,0.2082999999999977,0.0,0.263,0.2258,0.2258,-0.03720000000000001,-0.03720000000000001,0.03720000000000001,0.03720000000000001,0.0,original,
Intermediate,Dual sensor,5,29,17.2,20.6345,20.7189,3.4345,3.518900000000002,3.4345,3.518900000000002,0.08440000000000225,0.212,0.175,0.2098,-0.037000000000000005,-0.0022000000000000075,0.037000000000000005,0.0022000000000000075,-0.0348,cleaned,INT_D_5_GT29_clean.ply
Intermediate,Dual sensor,8,30,19.4,20.9546,20.9546,1.5546000000000006,1.5546000000000006,1.5546000000000006,1.5546000000000006,0.0,0.191,0.1536,0.1536,-0.03740000000000002,-0.03740000000000002,0.03740000000000002,0.03740000000000002,0.0,original,
Intermediate,Dual sensor,13,34,22.8,23.2525,23.2525,0.45250000000000057,0.45250000000000057,0.45250000000000057,0.45250000000000057,0.0,0.365,0.3108,0.3108,-0.05419999999999997,-0.05419999999999997,0.05419999999999997,0.05419999999999997,0.0,original,
Intermediate,Hovermap,13,1,21.2,22.141,22.141,0.940999999999999,0.940999999999999,0.940999999999999,0.940999999999999,0.0,0.34,0.2784,0.2784,-0.061600000000000044,-0.061600000000000044,0.061600000000000044,0.061600000000000044,0.0,original,
Intermediate,Hovermap,20,2,20.0,21.6507,21.6507,1.6507000000000005,1.6507000000000005,1.6507000000000005,1.6507000000000005,0.0,0.24100000000000002,0.1931,0.1931,-0.047900000000000026,-0.047900000000000026,0.047900000000000026,0.047900000000000026,0.0,original,
Intermediate,Hovermap,19,4,21.0,21.8893,21.8893,0.8892999999999986,0.8892999999999986,0.8892999999999986,0.8892999999999986,0.0,0.263,0.2508,0.2508,-0.012199999999999989,-0.012199999999999989,0.012199999999999989,0.012199999999999989,0.0,original,
Intermediate,Hovermap,22,5,21.5,22.7608,22.7608,1.2607999999999997,1.2607999999999997,1.2607999999999997,1.2607999999999997,0.0,0.332,0.3024,0.3024,-0.029600000000000015,-0.029600000000000015,0.029600000000000015,0.029600000000000015,0.0,original,
Intermediate,Hovermap,17,8,20.4,21.8508,21.8508,1.450800000000001,1.450800000000001,1.450800000000001,1.450800000000001,0.0,0.21600000000000003,0.1894,0.1894,-0.026600000000000013,-0.026600000000000013,0.026600000000000013,0.026600000000000013,0.0,original,
Intermediate,Hovermap,16,9,21.0,21.7834,21.7834,0.7834000000000003,0.7834000000000003,0.7834000000000003,0.7834000000000003,0.0,0.28600000000000003,0.2918,0.2918,0.005799999999999972,0.005799999999999972,0.005799999999999972,0.005799999999999972,0.0,original,
Intermediate,Hovermap,18,11,22.0,23.2197,23.2197,1.2196999999999996,1.2196999999999996,1.2196999999999996,1.2196999999999996,0.0,0.20600000000000002,0.18,0.18,-0.026000000000000023,-0.026000000000000023,0.026000000000000023,0.026000000000000023,0.0,original,
Intermediate,Hovermap,15,14,19.5,22.0936,21.331,2.5935999999999986,1.8309999999999995,2.5935999999999986,1.8309999999999995,-0.7625999999999991,0.233,0.1963,0.2274,-0.03670000000000001,-0.005600000000000022,0.03670000000000001,0.005600000000000022,-0.03109999999999999,cleaned,INT_H_15_GT14_clean.ply
Intermediate,Hovermap,11,15,19.8,21.4769,19.5764,1.6768999999999998,-0.22360000000000113,1.6768999999999998,0.22360000000000113,-1.4532999999999987,0.257,0.1976,0.2374,-0.05940000000000001,-0.019600000000000006,0.05940000000000001,0.019600000000000006,-0.0398,cleaned,INT_H_11_GT15_clean.ply
Intermediate,Hovermap,5,16,18.0,19.3321,18.6091,1.3321000000000005,0.6091000000000015,1.3321000000000005,0.6091000000000015,-0.722999999999999,0.18,0.1482,0.1824,-0.031799999999999995,0.0024000000000000132,0.031799999999999995,0.0024000000000000132,-0.02939999999999998,cleaned,INT_H_5_GT16_clean.ply
Intermediate,Hovermap,8,17,21.8,22.9717,22.9717,1.1716999999999977,1.1716999999999977,1.1716999999999977,1.1716999999999977,0.0,0.33899999999999997,0.2305,0.2305,-0.10849999999999996,-0.10849999999999996,0.10849999999999996,0.10849999999999996,0.0,original,
Intermediate,Hovermap,3,19,21.4,22.9713,21.9372,1.5713000000000008,0.5372000000000021,1.5713000000000008,0.5372000000000021,-1.0340999999999987,0.307,0.2532,0.289,-0.053800000000000014,-0.018000000000000016,0.053800000000000014,0.018000000000000016,-0.0358,cleaned,INT_H_3_GT19_clean.ply
Intermediate,Hovermap,1,20,20.5,21.0326,21.0326,0.5325999999999986,0.5325999999999986,0.5325999999999986,0.5325999999999986,0.0,0.349,0.2895,0.2895,-0.0595,-0.0595,0.0595,0.0595,0.0,original,
Intermediate,Hovermap,6,22,21.3,23.4332,23.4332,2.1331999999999987,2.1331999999999987,2.1331999999999987,2.1331999999999987,0.0,0.325,0.3006,0.3006,-0.024400000000000033,-0.024400000000000033,0.024400000000000033,0.024400000000000033,0.0,original,
Intermediate,Hovermap,4,23,19.7,21.5488,21.5488,1.8488000000000007,1.8488000000000007,1.8488000000000007,1.8488000000000007,0.0,0.278,0.258,0.258,-0.020000000000000018,-0.020000000000000018,0.020000000000000018,0.020000000000000018,0.0,original,
Intermediate,Hovermap,0,25,18.3,20.7787,20.7787,2.4787,2.4787,2.4787,2.4787,0.0,0.258,0.2338,0.2338,-0.0242,-0.0242,0.0242,0.0242,0.0,original,
Intermediate,Hovermap,2,26,17.3,19.0759,19.0759,1.7759,1.7759,1.7759,1.7759,0.0,0.267,0.2382,0.2382,-0.02880000000000002,-0.02880000000000002,0.02880000000000002,0.02880000000000002,0.0,original,
Intermediate,Hovermap,14,27,21.2,21.4771,21.4771,0.2771000000000008,0.2771000000000008,0.2771000000000008,0.2771000000000008,0.0,0.325,0.2822,0.2822,-0.042800000000000005,-0.042800000000000005,0.042800000000000005,0.042800000000000005,0.0,original,
Intermediate,Hovermap,9,28,19.8,20.7566,20.7566,0.9565999999999981,0.9565999999999981,0.9565999999999981,0.9565999999999981,0.0,0.263,0.2168,0.2168,-0.04620000000000002,-0.04620000000000002,0.04620000000000002,0.04620000000000002,0.0,original,
Intermediate,Hovermap,7,29,17.2,19.8236,19.8236,2.6235999999999997,2.6235999999999997,2.6235999999999997,2.6235999999999997,0.0,0.212,0.174,0.174,-0.038000000000000006,-0.038000000000000006,0.038000000000000006,0.038000000000000006,0.0,original,
Intermediate,Hovermap,23,30,19.4,20.561,20.561,1.1610000000000014,1.1610000000000014,1.1610000000000014,1.1610000000000014,0.0,0.191,0.1512,0.1512,-0.0398,-0.0398,0.0398,0.0398,0.0,original,
Intermediate,Hovermap,12,34,22.8,23.2274,23.2274,0.42739999999999867,0.42739999999999867,0.42739999999999867,0.42739999999999867,0.0,0.365,0.3076,0.3076,-0.05740000000000001,-0.05740000000000001,0.05740000000000001,0.05740000000000001,0.0,original,
Challenging,Single sensor,0,8,28.4,25.9518,23.8554,-2.4482,-4.544599999999999,2.4482,4.544599999999999,2.096399999999999,0.392,0.3363,0.4592,-0.05570000000000003,0.06719999999999998,0.05570000000000003,0.06719999999999998,0.011499999999999955,cleaned,
Challenging,Single sensor,1,9,25.1,25.5944,25.5944,0.49439999999999884,0.49439999999999884,0.49439999999999884,0.49439999999999884,0.0,0.355,0.2046,0.2046,-0.15039999999999998,-0.15039999999999998,0.15039999999999998,0.15039999999999998,0.0,original,
Challenging,Single sensor,6,13,21.3,19.7602,19.7602,-1.5397999999999996,-1.5397999999999996,1.5397999999999996,1.5397999999999996,0.0,0.159,0.1652,0.1652,0.006200000000000011,0.006200000000000011,0.006200000000000011,0.006200000000000011,0.0,original,
Challenging,Single sensor,10,14,24.7,24.6232,24.6232,-0.07679999999999865,-0.07679999999999865,0.07679999999999865,0.07679999999999865,0.0,0.41,0.319,0.319,-0.09099999999999997,-0.09099999999999997,0.09099999999999997,0.09099999999999997,0.0,original_reprocessing_exception,
Challenging,Single sensor,11,6,26.1,26.524,26.524,0.4239999999999995,0.4239999999999995,0.4239999999999995,0.4239999999999995,0.0,0.425,0.4682,0.4642,0.043200000000000016,0.03920000000000001,0.043200000000000016,0.03920000000000001,-0.0040000000000000036,cleaned,
Challenging,Single sensor,17,16,27.0,24.9498,24.723000000000003,-2.0502000000000002,-2.2769999999999975,2.0502000000000002,2.2769999999999975,0.22679999999999723,0.28,0.2494,0.1658,-0.030600000000000016,-0.11420000000000002,0.030600000000000016,0.11420000000000002,0.08360000000000001,cleaned,
Challenging,Single sensor,18,18,20.6,20.0895,20.0895,-0.5105000000000004,-0.5105000000000004,0.5105000000000004,0.5105000000000004,0.0,0.221,0.262,0.2606,0.04100000000000001,0.039599999999999996,0.04100000000000001,0.039599999999999996,-0.0014000000000000123,cleaned,
Challenging,Single sensor,19,2,26.4,26.4362,26.6636,0.0362000000000009,0.2636000000000003,0.0362000000000009,0.2636000000000003,0.22739999999999938,0.31,0.3442,0.2427,0.03420000000000001,-0.0673,0.03420000000000001,0.0673,0.03309999999999999,cleaned,
Challenging,Single sensor,20,3,27.0,25.0209,24.9311,-1.979099999999999,-2.0688999999999993,1.979099999999999,2.0688999999999993,0.08980000000000032,0.262,0.2358,0.24100000000000002,-0.0262,-0.02099999999999999,0.0262,0.02099999999999999,-0.00520000000000001,cleaned,
Challenging,Single sensor,24,19,28.5,25.8405,25.8867,-2.6595000000000013,-2.613299999999999,2.6595000000000013,2.613299999999999,-0.04620000000000246,0.32,0.3064,0.3066,-0.013600000000000001,-0.013400000000000023,0.013600000000000001,0.013400000000000023,-0.00019999999999997797,cleaned,
Challenging,Single sensor,25,37,10.3,10.1418,10.4416,-0.15820000000000078,0.14159999999999862,0.15820000000000078,0.14159999999999862,-0.01660000000000217,0.079,0.1535,0.0978,0.0745,0.018799999999999997,0.0745,0.018799999999999997,-0.0557,cleaned,
Challenging,Single sensor,26,1,26.6,25.5015,25.5015,-1.0985000000000014,-1.0985000000000014,1.0985000000000014,1.0985000000000014,0.0,0.379,0.3062,0.3062,-0.07279999999999998,-0.07279999999999998,0.07279999999999998,0.07279999999999998,0.0,original,
Challenging,Single sensor,27,28,28.9,26.1949,26.1939,-2.705099999999998,-2.7060999999999993,2.705099999999998,2.7060999999999993,0.0010000000000012221,0.436,0.441,0.4278,0.0050000000000000044,-0.008199999999999985,0.0050000000000000044,0.008199999999999985,0.0031999999999999806,cleaned,
Challenging,Single sensor,28,25,21.0,25.3713,20.8088,4.3713000000000015,-0.19119999999999848,4.3713000000000015,0.19119999999999848,-4.180100000000003,0.259,0.3384,0.3182,0.07939999999999997,0.059199999999999975,0.07939999999999997,0.059199999999999975,-0.020199999999999996,cleaned,
Challenging,Single sensor,29,20,23.3,24.2293,24.5491,0.9292999999999978,1.2490999999999985,0.9292999999999978,1.2490999999999985,0.31980000000000075,0.348,0.309,0.2884,-0.03899999999999998,-0.059599999999999986,0.03899999999999998,0.059599999999999986,0.020600000000000007,cleaned,
Challenging,Single sensor,30,29,26.6,27.1846,26.9813,0.5845999999999982,0.38129999999999953,0.5845999999999982,0.38129999999999953,-0.2032999999999987,0.22,0.2514,0.2146,0.03140000000000001,-0.005399999999999988,0.03140000000000001,0.005399999999999988,-0.026000000000000023,cleaned,
Challenging,Single sensor,31,30,26.7,22.7498,27.3729,-3.950199999999999,0.672900000000002,3.950199999999999,0.672900000000002,-3.2772999999999968,0.366,0.3836,0.406,0.017600000000000005,0.040000000000000036,0.017600000000000005,0.040000000000000036,0.02240000000000003,cleaned,
Challenging,Single sensor,32,26,20.5,19.9323,19.9616,-0.5676999999999985,-0.5383999999999993,0.5676999999999985,0.5383999999999993,-0.029299999999999216,0.23399999999999999,0.2924,0.297,0.05840000000000001,0.063,0.05840000000000001,0.063,0.004599999999999993,cleaned,
Challenging,Single sensor,41,5,9.4,11.4801,11.4801,2.0801,2.0801,2.0801,2.0801,0.0,0.08900000000000001,0.15,0.15,0.060999999999999985,0.060999999999999985,0.060999999999999985,0.060999999999999985,0.0,original,
Challenging,Dual sensor,0,8,28.4,25.9622,23.8334,-2.4377999999999993,-4.5665999999999976,2.4377999999999993,4.5665999999999976,2.1287999999999982,0.392,0.3243,0.3281,-0.06770000000000004,-0.06390000000000001,0.06770000000000004,0.06390000000000001,-0.0038000000000000256,cleaned,
Challenging,Dual sensor,1,9,25.1,26.0135,26.0135,0.9134999999999991,0.9134999999999991,0.9134999999999991,0.9134999999999991,0.0,0.355,0.2284,0.2284,-0.1266,-0.1266,0.1266,0.1266,0.0,original,
Challenging,Dual sensor,5,14,24.7,26.2021,26.2021,1.5021000000000022,1.5021000000000022,1.5021000000000022,1.5021000000000022,0.0,0.41,0.2492,0.2492,-0.16079999999999997,-0.16079999999999997,0.16079999999999997,0.16079999999999997,0.0,original_reprocessing_exception,
Challenging,Dual sensor,7,6,26.1,26.7191,26.7223,0.6190999999999995,0.6222999999999992,0.6190999999999995,0.6222999999999992,0.0031999999999996476,0.425,0.4632,0.4676,0.03820000000000001,0.04260000000000003,0.03820000000000001,0.04260000000000003,0.004400000000000015,cleaned,
Challenging,Dual sensor,15,16,27.0,25.9186,25.9186,-1.0813999999999986,-1.0813999999999986,1.0813999999999986,1.0813999999999986,0.0,0.28,0.2394,0.2394,-0.040600000000000025,-0.040600000000000025,0.040600000000000025,0.040600000000000025,0.0,original,
Challenging,Dual sensor,16,18,20.6,20.5909,20.5909,-0.009100000000000108,-0.009100000000000108,0.009100000000000108,0.009100000000000108,0.0,0.221,0.2494,0.251,0.02840000000000001,0.03,0.02840000000000001,0.03,0.0015999999999999903,cleaned,
Challenging,Dual sensor,17,3,27.0,26.2145,26.2145,-0.785499999999999,-0.785499999999999,0.785499999999999,0.785499999999999,0.0,0.262,0.23399999999999999,0.235,-0.028000000000000025,-0.027000000000000024,0.028000000000000025,0.027000000000000024,-0.0010000000000000009,cleaned,
Challenging,Dual sensor,19,2,26.4,19.1682,19.4676,-7.2318,-6.932399999999998,7.2318,6.932399999999998,-0.2994000000000021,0.31,0.3252,0.32,0.015199999999999991,0.010000000000000009,0.015199999999999991,0.010000000000000009,-0.005199999999999982,cleaned,
Challenging,Dual sensor,21,19,28.5,25.9678,25.9678,-2.5321999999999996,-2.5321999999999996,2.5321999999999996,2.5321999999999996,0.0,0.32,0.2902,0.2902,-0.029799999999999993,-0.029799999999999993,0.029799999999999993,0.029799999999999993,0.0,original,
Challenging,Dual sensor,23,37,10.3,10.1819,10.4023,-0.1181000000000001,0.10229999999999961,0.1181000000000001,0.10229999999999961,-0.01580000000000048,0.079,0.1508,0.1364,0.07179999999999999,0.05739999999999999,0.07179999999999999,0.05739999999999999,-0.014399999999999996,cleaned,
Challenging,Dual sensor,24,1,26.6,27.0337,25.4233,0.4336999999999982,-1.1767000000000003,0.4336999999999982,1.1767000000000003,0.7430000000000021,0.379,0.318,0.3198,-0.061,-0.05920000000000003,0.061,0.05920000000000003,-0.0017999999999999683,cleaned,
Challenging,Dual sensor,25,28,28.9,26.7837,26.7291,-2.116299999999999,-2.1708999999999996,2.116299999999999,2.1708999999999996,0.05460000000000065,0.436,0.445,0.434,0.009000000000000008,-0.0020000000000000018,0.009000000000000008,0.0020000000000000018,-0.007000000000000006,cleaned,
Challenging,Dual sensor,26,25,21.0,26.2689,20.9621,5.268899999999999,-0.03790000000000049,5.268899999999999,0.03790000000000049,-5.230999999999998,0.259,0.3008,0.2938,0.041800000000000004,0.0348,0.041800000000000004,0.0348,-0.007000000000000006,cleaned,
Challenging,Dual sensor,27,20,23.3,25.2272,25.2272,1.9271999999999991,1.9271999999999991,1.9271999999999991,1.9271999999999991,0.0,0.348,0.319,0.319,-0.02899999999999997,-0.02899999999999997,0.02899999999999997,0.02899999999999997,0.0,original,
Challenging,Dual sensor,28,29,26.6,27.9105,25.2122,1.3104999999999976,-1.3878000000000021,1.3104999999999976,1.3878000000000021,0.07730000000000459,0.22,0.237,0.2212,0.016999999999999987,0.0012000000000000066,0.016999999999999987,0.0012000000000000066,-0.01579999999999998,cleaned,
Challenging,Dual sensor,29,30,26.7,25.6782,27.6248,-1.021799999999999,0.9248000000000012,1.021799999999999,0.9248000000000012,-0.09699999999999775,0.366,0.3844,0.3888,0.018400000000000027,0.022799999999999987,0.018400000000000027,0.022799999999999987,0.0043999999999999595,cleaned,
Challenging,Dual sensor,30,26,20.5,14.5197,18.8229,-5.9803,-1.6770999999999994,5.9803,1.6770999999999994,-4.3032,0.23399999999999999,0.259,0.2588,0.025000000000000022,0.02479999999999999,0.025000000000000022,0.02479999999999999,-0.00020000000000003348,cleaned,
Challenging,Dual sensor,31,13,21.3,20.3248,20.3248,-0.975200000000001,-0.975200000000001,0.975200000000001,0.975200000000001,0.0,0.159,0.0877,0.0877,-0.0713,-0.0713,0.0713,0.0713,0.0,original,
Challenging,Dual sensor,38,5,9.4,10.4117,10.4117,1.0116999999999994,1.0116999999999994,1.0116999999999994,1.0116999999999994,0.0,0.08900000000000001,0.1194,0.1194,0.030399999999999996,0.030399999999999996,0.030399999999999996,0.030399999999999996,0.0,original,
Challenging,Hovermap,0,8,28.4,24.7221,24.4758,-3.6778999999999975,-3.924199999999999,3.6778999999999975,3.924199999999999,0.24630000000000152,0.392,0.2887,0.262,-0.1033,-0.13,0.1033,0.13,0.0267,cleaned,
Challenging,Hovermap,1,9,25.1,26.9065,26.9065,1.8064999999999998,1.8064999999999998,1.8064999999999998,1.8064999999999998,0.0,0.355,0.2262,0.2262,-0.12879999999999997,-0.12879999999999997,0.12879999999999997,0.12879999999999997,0.0,original,
Challenging,Hovermap,3,13,21.3,20.4614,20.4614,-0.8385999999999996,-0.8385999999999996,0.8385999999999996,0.8385999999999996,0.0,0.159,0.1454,0.1454,-0.013600000000000001,-0.013600000000000001,0.013600000000000001,0.013600000000000001,0.0,original_reprocessing_exception,
Challenging,Hovermap,5,14,24.7,26.8359,26.9253,2.1358999999999995,2.2253000000000007,2.1358999999999995,2.2253000000000007,0.08940000000000126,0.41,0.1385,0.3025,-0.27149999999999996,-0.10749999999999998,0.27149999999999996,0.10749999999999998,-0.16399999999999998,cleaned,
Challenging,Hovermap,10,6,26.1,26.9727,26.9036,0.8726999999999983,0.8035999999999994,0.8726999999999983,0.8035999999999994,-0.06909999999999883,0.425,0.4392,0.2715,0.01419999999999999,-0.15349999999999997,0.01419999999999999,0.15349999999999997,0.13929999999999998,cleaned,
Challenging,Hovermap,14,16,27.0,25.834,25.834,-1.1660000000000004,-1.1660000000000004,1.1660000000000004,1.1660000000000004,0.0,0.28,0.2406,0.2406,-0.03940000000000002,-0.03940000000000002,0.03940000000000002,0.03940000000000002,0.0,original,
Challenging,Hovermap,15,18,20.6,20.715999999999998,20.6781,0.1159999999999961,0.07809999999999917,0.1159999999999961,0.07809999999999917,-0.037899999999996936,0.221,0.2484,0.2442,0.027400000000000008,0.0232,0.027400000000000008,0.0232,-0.004200000000000009,cleaned,
Challenging,Hovermap,16,3,27.0,25.6901,25.6901,-1.309899999999999,-1.309899999999999,1.309899999999999,1.309899999999999,0.0,0.262,0.1641,0.1641,-0.09790000000000001,-0.09790000000000001,0.09790000000000001,0.09790000000000001,0.0,original,
Challenging,Hovermap,17,2,26.4,26.9733,26.9733,0.5732999999999997,0.5732999999999997,0.5732999999999997,0.5732999999999997,0.0,0.31,0.3144,0.3144,0.004400000000000015,0.004400000000000015,0.004400000000000015,0.004400000000000015,0.0,original_reprocessing_exception,
Challenging,Hovermap,20,19,28.5,25.898000000000003,25.898000000000003,-2.6019999999999968,-2.6019999999999968,2.6019999999999968,2.6019999999999968,0.0,0.32,0.2634,0.2634,-0.056599999999999984,-0.056599999999999984,0.056599999999999984,0.056599999999999984,0.0,original,
Challenging,Hovermap,22,37,10.3,10.3462,10.5539,0.04619999999999891,0.2538999999999998,0.04619999999999891,0.2538999999999998,0.20770000000000088,0.079,0.1164,0.0991,0.0374,0.020099999999999993,0.0374,0.020099999999999993,-0.01730000000000001,cleaned,
Challenging,Hovermap,23,1,26.6,26.0422,26.0422,-0.5578000000000003,-0.5578000000000003,0.5578000000000003,0.5578000000000003,0.0,0.379,0.2888,0.2888,-0.0902,-0.0902,0.0902,0.0902,0.0,original,
Challenging,Hovermap,24,28,28.9,26.9704,26.9704,-1.929599999999997,-1.929599999999997,1.929599999999997,1.929599999999997,0.0,0.436,0.41600000000000004,0.41600000000000004,-0.019999999999999962,-0.019999999999999962,0.019999999999999962,0.019999999999999962,0.0,original,
Challenging,Hovermap,25,25,21.0,20.5528,20.5828,-0.4471999999999987,-0.4172000000000011,0.4471999999999987,0.4172000000000011,-0.029999999999997584,0.259,0.2806,0.2858,0.021600000000000008,0.02679999999999999,0.021600000000000008,0.02679999999999999,0.005199999999999982,cleaned,
Challenging,Hovermap,26,20,23.3,24.7128,24.7128,1.4128000000000007,1.4128000000000007,1.4128000000000007,1.4128000000000007,0.0,0.348,0.2682,0.2682,-0.07979999999999998,-0.07979999999999998,0.07979999999999998,0.07979999999999998,0.0,original,
Challenging,Hovermap,27,29,26.6,27.8427,26.5483,1.2426999999999992,-0.0517000000000003,1.2426999999999992,0.0517000000000003,-1.190999999999999,0.22,0.1954,0.188,-0.02460000000000001,-0.032,0.02460000000000001,0.032,0.00739999999999999,cleaned,
Challenging,Hovermap,28,30,26.7,19.0886,27.6248,-7.6114,0.9248000000000012,7.6114,0.9248000000000012,-6.6865999999999985,0.366,0.3748,0.3676,0.00880000000000003,0.0015999999999999903,0.00880000000000003,0.0015999999999999903,-0.00720000000000004,cleaned,
Challenging,Hovermap,29,26,20.5,15.135,16.6696,-5.365,-3.830400000000001,5.365,3.830400000000001,-1.5345999999999993,0.23399999999999999,0.2434,0.2472,0.00940000000000002,0.013200000000000017,0.00940000000000002,0.013200000000000017,0.003799999999999998,cleaned,
Challenging,Hovermap,41,5,9.4,10.3938,10.3938,0.9938000000000002,0.9938000000000002,0.9938000000000002,0.9938000000000002,0.0,0.08900000000000001,0.1186,0.1186,0.029599999999999987,0.029599999999999987,0.029599999999999987,0.029599999999999987,0.0,original,
