Tree_ID_raw,TH,DBH,X,Y,Tree_ID,Terrain,Scanner,source_file,GT_ID,detection_status,represented_GT_IDs,is_undersegmented,QC_class,QC_note,valid_individual_detection,genuine_unreferenced,invalid_detection
T1,28.90423229916498,0.6242050083191425,37.84937844001381,-7.773213953480425,1,Easy,Single sensor,20_20591171_n_e_jednoskenerovy_orezane.xlsx,34.0,detected_individual,,,validated_primary_match,Distinct 3DFin candidate with an unambiguous GT match,True,False,False
T2,26.74567406757072,0.60655329572536,37.75101682117634,-1.548637236154811,2,Easy,Single sensor,20_20591171_n_e_jednoskenerovy_orezane.xlsx,31.0,detected_individual,,,validated_primary_match,Distinct 3DFin candidate with an unambiguous GT match,True,False,False
T3,28.08763363226455,0.6149225943714466,34.51810947307854,-4.668611646934577,3,Easy,Single sensor,20_20591171_n_e_jednoskenerovy_orezane.xlsx,33.0,detected_individual,,,validated_primary_match,Distinct 3DFin candidate with an unambiguous GT match,True,False,False
T4,26.21955485233403,0.6356333444910457,31.70493462783628,-15.90427872693549,4,Easy,Single sensor,20_20591171_n_e_jednoskenerovy_orezane.xlsx,6.0,detected_individual,,,validated_primary_match,Distinct 3DFin candidate with an unambiguous GT match,True,False,False
T5,26.25006082289337,0.5302643223857433,27.03749400900444,-2.883071634914852,5,Easy,Single sensor,20_20591171_n_e_jednoskenerovy_orezane.xlsx,27.0,detected_individual,,,validated_primary_match,Distinct 3DFin candidate with an unambiguous GT match,True,False,False
T6,26.60526406912281,0.3512648263595176,24.63436407943898,-6.28556172452285,6,Easy,Single sensor,20_20591171_n_e_jednoskenerovy_orezane.xlsx,17.0,detected_individual,,,validated_primary_match,Distinct 3DFin candidate with an unambiguous GT match,True,False,False
T7,25.09223018286223,0.2892316058561659,20.82228259102094,-16.48649571184214,7,Easy,Single sensor,20_20591171_n_e_jednoskenerovy_orezane.xlsx,13.0,detected_individual,,,validated_primary_match,Distinct 3DFin candidate with an unambiguous GT match,True,False,False
T8,27.15077565408161,0.4574174817025985,20.52361966273028,-5.471950435835854,8,Easy,Single sensor,20_20591171_n_e_jednoskenerovy_orezane.xlsx,20.0,detected_individual,,,validated_primary_match,Distinct 3DFin candidate with an unambiguous GT match,True,False,False
T9,27.34277499173078,0.62360523759676,17.03936458718433,-5.343972347658385,9,Easy,Single sensor,20_20591171_n_e_jednoskenerovy_orezane.xlsx,21.0,detected_individual,,,validated_primary_match,Distinct 3DFin candidate with an unambiguous GT match,True,False,False
T1,28.98883402167245,0.5609607659528829,37.82126286616472,-7.811762318060137,1,Easy,Dual sensor,20_20591171_n_e_dvojskener_orezane.xlsx,34.0,detected_individual,,,validated_primary_match,Distinct 3DFin candidate with an unambiguous GT match,True,False,False
T2,26.72911184365203,0.5863859830933513,37.73364615234976,-1.560208552639952,2,Easy,Dual sensor,20_20591171_n_e_dvojskener_orezane.xlsx,31.0,detected_individual,,,validated_primary_match,Distinct 3DFin candidate with an unambiguous GT match,True,False,False
T3,28.61960383468253,0.6078586056369509,34.50796940886038,-4.663936714856229,3,Easy,Dual sensor,20_20591171_n_e_dvojskener_orezane.xlsx,33.0,detected_individual,,,validated_primary_match,Distinct 3DFin candidate with an unambiguous GT match,True,False,False
T4,26.00764518662208,0.6144029144282799,31.70043845536679,-15.90595727425425,4,Easy,Dual sensor,20_20591171_n_e_dvojskener_orezane.xlsx,6.0,detected_individual,,,validated_primary_match,Distinct 3DFin candidate with an unambiguous GT match,True,False,False
T5,28.24737841468464,0.4934846305092066,27.04702584521795,-2.873924293935034,5,Easy,Dual sensor,20_20591171_n_e_dvojskener_orezane.xlsx,27.0,detected_individual,,,validated_primary_match,Distinct 3DFin candidate with an unambiguous GT match,True,False,False
T6,26.83324336183557,0.3512135068263147,24.6437706761236,-6.284169939044433,6,Easy,Dual sensor,20_20591171_n_e_dvojskener_orezane.xlsx,17.0,detected_individual,,,validated_primary_match,Distinct 3DFin candidate with an unambiguous GT match,True,False,False
T7,25.39717714895223,0.2776562382981482,20.83480841942288,-16.4765736357716,7,Easy,Dual sensor,20_20591171_n_e_dvojskener_orezane.xlsx,13.0,detected_individual,,,validated_primary_match,Distinct 3DFin candidate with an unambiguous GT match,True,False,False
T8,27.64201147742628,0.4583515720400795,20.53126579577041,-5.47962755018367,8,Easy,Dual sensor,20_20591171_n_e_dvojskener_orezane.xlsx,20.0,detected_individual,,,validated_primary_match,Distinct 3DFin candidate with an unambiguous GT match,True,False,False
T9,29.59945198913502,0.6083201602387658,17.04896443928746,-5.336748335913956,9,Easy,Dual sensor,20_20591171_n_e_dvojskener_orezane.xlsx,21.0,detected_individual,,,validated_primary_match,Distinct 3DFin candidate with an unambiguous GT match,True,False,False
T1,29.53599055094871,0.5664934921026609,37.81700937768618,-7.794121599536133,1,Easy,Hovermap,20_20591171_n_e_hovermap_orezane.xlsx,34.0,detected_individual,,,validated_primary_match,Distinct 3DFin candidate with an unambiguous GT match,True,False,False
T2,27.80845562735222,0.5828820407168253,37.7183807189617,-1.560307816506509,2,Easy,Hovermap,20_20591171_n_e_hovermap_orezane.xlsx,31.0,detected_individual,,,validated_primary_match,Distinct 3DFin candidate with an unambiguous GT match,True,False,False
T3,28.838496324397,0.607545372731168,34.49327614948105,-4.665302889575667,3,Easy,Hovermap,20_20591171_n_e_hovermap_orezane.xlsx,33.0,detected_individual,,,validated_primary_match,Distinct 3DFin candidate with an unambiguous GT match,True,False,False
T4,26.95837726489473,0.6205095096830741,31.66876332262774,-15.88595279602132,4,Easy,Hovermap,20_20591171_n_e_hovermap_orezane.xlsx,6.0,detected_individual,,,validated_primary_match,Distinct 3DFin candidate with an unambiguous GT match,True,False,False
T5,30.10463102579634,0.4971638059125605,27.03592447839009,-2.86759965963083,5,Easy,Hovermap,20_20591171_n_e_hovermap_orezane.xlsx,27.0,detected_individual,,,validated_primary_match,Distinct 3DFin candidate with an unambiguous GT match,True,False,False
T6,27.06365606952768,0.3475236812865345,24.62558709605464,-6.279021327051666,6,Easy,Hovermap,20_20591171_n_e_hovermap_orezane.xlsx,17.0,detected_individual,,,validated_primary_match,Distinct 3DFin candidate with an unambiguous GT match,True,False,False
T7,29.72479374007593,0.4547831159362718,20.52336668119646,-5.479712013831914,7,Easy,Hovermap,20_20591171_n_e_hovermap_orezane.xlsx,20.0,detected_individual,,,validated_primary_match,Distinct 3DFin candidate with an unambiguous GT match,True,False,False
T8,25.81930039127053,0.2722812665293597,20.83467895049729,-16.46453194511834,8,Easy,Hovermap,20_20591171_n_e_hovermap_orezane.xlsx,13.0,detected_individual,,,validated_primary_match,Distinct 3DFin candidate with an unambiguous GT match,True,False,False
T9,30.59719605070156,0.6027324139095263,17.0462366618936,-5.345642243517307,9,Easy,Hovermap,20_20591171_n_e_hovermap_orezane.xlsx,21.0,detected_individual,,,validated_primary_match,Distinct 3DFin candidate with an unambiguous GT match,True,False,False
T1,21.99074681254828,0.3764075692177261,20.85230858754985,15.1558489547719,1,Intermediate,Single sensor,10_20611471_n_int_jednoskener_orezane.xlsx,34.0,detected_individual,,,validated_primary_match,Distinct 3DFin candidate with an unambiguous GT match,True,False,False
T2,21.5644692492872,0.3516396032509645,30.99273655077337,4.45326016088795,2,Intermediate,Single sensor,10_20611471_n_int_jednoskener_orezane.xlsx,5.0,detected_individual,,,validated_primary_match,Distinct 3DFin candidate with an unambiguous GT match,True,False,False
T3,19.61012291845392,0.242301583113843,27.18147747586253,9.757333106903321,3,Intermediate,Single sensor,10_20611471_n_int_jednoskener_orezane.xlsx,2.0,detected_individual,,,validated_primary_match,Distinct 3DFin candidate with an unambiguous GT match,True,False,False
T4,20.0604515136006,0.3320263116108544,22.13900232174066,12.78321040177977,4,Intermediate,Single sensor,10_20611471_n_int_jednoskener_orezane.xlsx,27.0,detected_individual,,,validated_primary_match,Distinct 3DFin candidate with an unambiguous GT match,True,False,False
T5,21.06266070386559,0.3022414224265803,28.68243251117556,4.244010587291923,5,Intermediate,Single sensor,10_20611471_n_int_jednoskener_orezane.xlsx,4.0,detected_individual,,,validated_primary_match,Distinct 3DFin candidate with an unambiguous GT match,True,False,False
T6,22.47512986246862,0.0,29.81506065722838,-4.406559861720242,6,Intermediate,Single sensor,10_20611471_n_int_jednoskener_orezane.xlsx,,,,,genuine_unrecorded_tree,Manually reviewed genuine tree absent from GT inventory,False,True,False
T7,19.34346716905928,0.273774348094549,20.25569677457868,9.904912849332419,7,Intermediate,Single sensor,10_20611471_n_int_jednoskener_orezane.xlsx,28.0,detected_individual,,,validated_primary_match,Distinct 3DFin candidate with an unambiguous GT match,True,False,False
T8,21.26652598102492,0.2295857660168652,26.74123031381627,1.259363479130787,8,Intermediate,Single sensor,10_20611471_n_int_jednoskener_orezane.xlsx,8.0,detected_individual,,,validated_primary_match,Distinct 3DFin candidate with an unambiguous GT match,True,False,False
T9,21.18289032896269,0.363078700473257,22.56537278408333,6.64967416919462,9,Intermediate,Single sensor,10_20611471_n_int_jednoskener_orezane.xlsx,1.0,detected_individual,,,validated_primary_match,Distinct 3DFin candidate with an unambiguous GT match,True,False,False
T10,22.17134863267312,0.2504728444126874,27.91690618588728,-2.749180707623403,10,Intermediate,Single sensor,10_20611471_n_int_jednoskener_orezane.xlsx,11.0,detected_individual,,,validated_primary_match,Distinct 3DFin candidate with an unambiguous GT match,True,False,False
T11,20.48828170494995,0.3057538516648374,23.8316588412145,0.850812005731238,11,Intermediate,Single sensor,10_20611471_n_int_jednoskener_orezane.xlsx,9.0,detected_individual,,,validated_primary_match,Distinct 3DFin candidate with an unambiguous GT match,True,False,False
T12,19.33240460239227,0.1937320532928697,17.34597128674221,7.624598799585556,12,Intermediate,Single sensor,10_20611471_n_int_jednoskener_orezane.xlsx,30.0,detected_individual,,,validated_primary_match,Distinct 3DFin candidate with an unambiguous GT match,True,False,False
T13,19.77171537235589,0.2312378499242269,16.28952904039611,7.729822018158365,13,Intermediate,Single sensor,10_20611471_n_int_jednoskener_orezane.xlsx,29.0,detected_individual,,,validated_primary_match,Distinct 3DFin candidate with an unambiguous GT match,True,False,False
T14,18.9777210497142,0.3081587719347571,12.98533889515625,7.006512639770524,14,Intermediate,Single sensor,10_20611471_n_int_jednoskener_orezane.xlsx,26.0,detected_individual,,,validated_primary_match,Distinct 3DFin candidate with an unambiguous GT match,True,False,False
T15,22.53048254341431,0.3284338772108373,17.55925513633545,1.096080442119066,15,Intermediate,Single sensor,10_20611471_n_int_jednoskener_orezane.xlsx,22.0,detected_individual,,,validated_primary_match,Distinct 3DFin candidate with an unambiguous GT match,True,False,False
T16,20.47052024174516,0.2397513164208898,23.05948565346429,-7.681066403610274,16,Intermediate,Single sensor,10_20611471_n_int_jednoskener_orezane.xlsx,14.0,detected_individual,,,validated_primary_match,Distinct 3DFin candidate with an unambiguous GT match,True,False,False
T17,21.45420229767706,0.3251223079932623,15.83849353005162,1.290554685527356,17,Intermediate,Single sensor,10_20611471_n_int_jednoskener_orezane.xlsx,23.0,detected_individual,,,validated_primary_match,Distinct 3DFin candidate with an unambiguous GT match,True,False,False
T18,19.37070592260878,0.257990437276198,21.67610130581743,-5.215374383502973,18,Intermediate,Single sensor,10_20611471_n_int_jednoskener_orezane.xlsx,15.0,detected_individual,,,validated_primary_match,Distinct 3DFin candidate with an unambiguous GT match,True,False,False
T19,20.53976888515577,0.3572224051200361,18.27382534408142,-2.377550867428609,19,Intermediate,Single sensor,10_20611471_n_int_jednoskener_orezane.xlsx,17.0,detected_individual,,,validated_primary_match,Distinct 3DFin candidate with an unambiguous GT match,True,False,False
T20,20.14173072210574,0.3012578070494967,8.53801380590395,2.562206879787817,20,Intermediate,Single sensor,10_20611471_n_int_jednoskener_orezane.xlsx,25.0,detected_individual,,,validated_primary_match,Distinct 3DFin candidate with an unambiguous GT match,True,False,False
T21,20.78968341972787,0.3484448338301929,13.7526031173221,-4.625468536994644,21,Intermediate,Single sensor,10_20611471_n_int_jednoskener_orezane.xlsx,19.0,detected_individual,,,validated_primary_match,Distinct 3DFin candidate with an unambiguous GT match,True,False,False
T22,18.37598934531226,0.1883917013354862,16.30670055562272,-8.40080339474336,22,Intermediate,Single sensor,10_20611471_n_int_jednoskener_orezane.xlsx,16.0,detected_individual,,,validated_primary_match,Distinct 3DFin candidate with an unambiguous GT match,True,False,False
T23,20.53910412673345,0.3616747799760964,10.46756110749301,-4.444814282308593,23,Intermediate,Single sensor,10_20611471_n_int_jednoskener_orezane.xlsx,20.0,detected_individual,,,validated_primary_match,Distinct 3DFin candidate with an unambiguous GT match,True,False,False
T1,21.9117810518112,0.3439134362517718,31.0151438459296,4.458129675444889,1,Intermediate,Dual sensor,10_20611471_int_dvojskener_orezane.xlsx,5.0,detected_individual,,,validated_primary_match,Distinct 3DFin candidate with an unambiguous GT match,True,False,False
T2,22.46790159352364,0.3802873862914099,20.88474475874311,15.16834016279146,2,Intermediate,Dual sensor,10_20611471_int_dvojskener_orezane.xlsx,34.0,detected_individual,,,validated_primary_match,Distinct 3DFin candidate with an unambiguous GT match,True,False,False
T3,19.25304254079218,0.2540414992107989,27.25121450393526,9.800815977075116,3,Intermediate,Dual sensor,10_20611471_int_dvojskener_orezane.xlsx,2.0,detected_individual,,,validated_primary_match,Distinct 3DFin candidate with an unambiguous GT match,True,False,False
T4,20.07555696674426,0.3402123357489185,22.16710086278944,12.78010099537609,4,Intermediate,Dual sensor,10_20611471_int_dvojskener_orezane.xlsx,27.0,detected_individual,,,validated_primary_match,Distinct 3DFin candidate with an unambiguous GT match,True,False,False
T5,21.71398879769144,0.2978457105476837,28.70164097005936,4.258385024946241,5,Intermediate,Dual sensor,10_20611471_int_dvojskener_orezane.xlsx,4.0,detected_individual,,,validated_primary_match,Distinct 3DFin candidate with an unambiguous GT match,True,False,False
T6,22.5362887649673,0.0,29.84322376946803,-4.400721246228184,6,Intermediate,Dual sensor,10_20611471_int_dvojskener_orezane.xlsx,,,,,genuine_unrecorded_tree,Manually reviewed genuine tree absent from GT inventory,False,True,False
T7,19.44067929841155,0.2806664971729556,20.26639006792963,9.908342961011137,7,Intermediate,Dual sensor,10_20611471_int_dvojskener_orezane.xlsx,28.0,detected_individual,,,validated_primary_match,Distinct 3DFin candidate with an unambiguous GT match,True,False,False
T8,21.72885372260434,0.3735414201783551,22.56943852143716,6.668455571419621,8,Intermediate,Dual sensor,10_20611471_int_dvojskener_orezane.xlsx,1.0,detected_individual,,,validated_primary_match,Distinct 3DFin candidate with an unambiguous GT match,True,False,False
T9,21.1986005937316,0.2316994504843179,26.74431962835639,1.277414771100119,9,Intermediate,Dual sensor,10_20611471_int_dvojskener_orezane.xlsx,8.0,detected_individual,,,validated_primary_match,Distinct 3DFin candidate with an unambiguous GT match,True,False,False
T10,22.22696579483873,0.2311161105957516,27.9214261204741,-2.729801298795318,10,Intermediate,Dual sensor,10_20611471_int_dvojskener_orezane.xlsx,11.0,detected_individual,,,validated_primary_match,Distinct 3DFin candidate with an unambiguous GT match,True,False,False
T11,19.76307195370955,0.2013250476333976,17.36113352662513,7.631269563568134,11,Intermediate,Dual sensor,10_20611471_int_dvojskener_orezane.xlsx,30.0,detected_individual,,,validated_primary_match,Distinct 3DFin candidate with an unambiguous GT match,True,False,False
T12,21.33132282707506,0.305483423369256,23.85070921860437,0.8601576172176865,12,Intermediate,Dual sensor,10_20611471_int_dvojskener_orezane.xlsx,9.0,detected_individual,,,validated_primary_match,Distinct 3DFin candidate with an unambiguous GT match,True,False,False
T13,19.76579855746156,0.2124467835182234,16.3054148753838,7.739920282443311,13,Intermediate,Dual sensor,10_20611471_int_dvojskener_orezane.xlsx,29.0,detected_individual,,,validated_primary_match,Distinct 3DFin candidate with an unambiguous GT match,True,False,False
T14,21.55020825461358,0.06836675923074384,19.88300561052181,2.865558022112731,14,Intermediate,Dual sensor,10_20611471_int_dvojskener_orezane.xlsx,,,,,genuine_unrecorded_tree,Manually reviewed genuine tree absent from GT inventory,False,True,False
T15,18.71533282436484,0.0,13.02576940260958,7.016860231111077,15,Intermediate,Dual sensor,10_20611471_int_dvojskener_orezane.xlsx,26.0,detected_individual,,,validated_primary_match,Distinct 3DFin candidate with an unambiguous GT match,True,False,False
T16,22.65308261868543,0.3453775038230652,17.54723559425872,1.112406722875005,16,Intermediate,Dual sensor,10_20611471_int_dvojskener_orezane.xlsx,22.0,detected_individual,,,validated_primary_match,Distinct 3DFin candidate with an unambiguous GT match,True,False,False
T17,20.69886826782712,0.2786268834470317,21.65498089121758,-5.199482232528761,17,Intermediate,Dual sensor,10_20611471_int_dvojskener_orezane.xlsx,15.0,detected_individual,,,validated_primary_match,Distinct 3DFin candidate with an unambiguous GT match,True,False,False
T18,21.09272579717775,0.2495650390711753,23.07645204916135,-7.666924112476563,18,Intermediate,Dual sensor,10_20611471_int_dvojskener_orezane.xlsx,14.0,detected_individual,,,validated_primary_match,Distinct 3DFin candidate with an unambiguous GT match,True,False,False
T19,20.7681793623845,0.3643449431262827,18.29014772492315,-2.36458044477988,19,Intermediate,Dual sensor,10_20611471_int_dvojskener_orezane.xlsx,17.0,detected_individual,,,validated_primary_match,Distinct 3DFin candidate with an unambiguous GT match,True,False,False
T20,21.8762411003539,0.3199719774979611,15.86632090524568,1.324912875886898,20,Intermediate,Dual sensor,10_20611471_int_dvojskener_orezane.xlsx,23.0,detected_individual,,,validated_primary_match,Distinct 3DFin candidate with an unambiguous GT match,True,False,False
T21,19.95646337824629,0.2901884513279337,8.556064962169248,2.575680875867408,21,Intermediate,Dual sensor,10_20611471_int_dvojskener_orezane.xlsx,25.0,detected_individual,,,validated_primary_match,Distinct 3DFin candidate with an unambiguous GT match,True,False,False
T22,21.48306774711562,0.3644630817901416,13.76619863840977,-4.613443739328946,22,Intermediate,Dual sensor,10_20611471_int_dvojskener_orezane.xlsx,19.0,detected_individual,,,validated_primary_match,Distinct 3DFin candidate with an unambiguous GT match,True,False,False
T23,18.40355054929042,0.1900544724066481,16.30995308510117,-8.38324095027615,23,Intermediate,Dual sensor,10_20611471_int_dvojskener_orezane.xlsx,16.0,detected_individual,,,validated_primary_match,Distinct 3DFin candidate with an unambiguous GT match,True,False,False
T24,20.38949682703404,0.3648532317889695,10.47622111268834,-4.44352359107771,24,Intermediate,Dual sensor,10_20611471_int_dvojskener_orezane.xlsx,20.0,detected_individual,,,validated_primary_match,Distinct 3DFin candidate with an unambiguous GT match,True,False,False
T1,22.70360557031456,0.3584507344925574,30.99000578820355,4.465684440995236,1,Intermediate,Hovermap,10_20611471_int_hovermap_orezane.xlsx,5.0,detected_individual,,,validated_primary_match,Distinct 3DFin candidate with an unambiguous GT match,True,False,False
T2,22.11467060704673,0.3766007634044217,20.85390343518864,15.16723032484952,2,Intermediate,Hovermap,10_20611471_int_hovermap_orezane.xlsx,34.0,detected_individual,,,validated_primary_match,Distinct 3DFin candidate with an unambiguous GT match,True,False,False
T3,19.79952491179625,0.2334247002582609,27.2013430483818,9.766267616501715,3,Intermediate,Hovermap,10_20611471_int_hovermap_orezane.xlsx,2.0,detected_individual,,,validated_primary_match,Distinct 3DFin candidate with an unambiguous GT match,True,False,False
T4,20.22489442848292,0.3284483677544951,22.15274960423888,12.76588485637908,4,Intermediate,Hovermap,10_20611471_int_hovermap_orezane.xlsx,27.0,detected_individual,,,validated_primary_match,Distinct 3DFin candidate with an unambiguous GT match,True,False,False
T5,21.74993646892086,0.3084676377012668,28.68416206462963,4.258554112850105,5,Intermediate,Hovermap,10_20611471_int_hovermap_orezane.xlsx,4.0,detected_individual,,,validated_primary_match,Distinct 3DFin candidate with an unambiguous GT match,True,False,False
T6,22.84990798513675,0.3390095797784893,29.8950448709247,-4.487373433965178,6,Intermediate,Hovermap,10_20611471_int_hovermap_orezane.xlsx,,,,,genuine_unrecorded_tree,Manually reviewed genuine tree absent from GT inventory,False,True,False
T7,19.60276340754564,0.2781942799022794,20.24016328745256,9.8977566987677,7,Intermediate,Hovermap,10_20611471_int_hovermap_orezane.xlsx,1.0,detected_individual,,,validated_primary_match,Distinct 3DFin candidate with an unambiguous GT match,True,False,False
T8,21.90673192941767,0.3875187519418146,22.58100779256474,6.655395083072765,8,Intermediate,Hovermap,10_20611471_int_hovermap_orezane.xlsx,28.0,detected_individual,,,validated_primary_match,Distinct 3DFin candidate with an unambiguous GT match,True,False,False
T9,22.85298754053849,0.2399647278353885,27.92140646609482,-2.72366576189313,9,Intermediate,Hovermap,10_20611471_int_hovermap_orezane.xlsx,8.0,detected_individual,,,validated_primary_match,Distinct 3DFin candidate with an unambiguous GT match,True,False,False
T10,21.38281833815455,0.2459413126754797,26.74976340169747,1.272235590325842,10,Intermediate,Hovermap,10_20611471_int_hovermap_orezane.xlsx,11.0,detected_individual,,,validated_primary_match,Distinct 3DFin candidate with an unambiguous GT match,True,False,False
T11,21.33020634691412,0.3100849856771469,23.84166013488473,0.8580985783896864,11,Intermediate,Hovermap,10_20611471_int_hovermap_orezane.xlsx,9.0,detected_individual,,,validated_primary_match,Distinct 3DFin candidate with an unambiguous GT match,True,False,False
T12,19.96470220562639,0.1976581870283662,17.36356791856889,7.625621345154558,12,Intermediate,Hovermap,10_20611471_int_hovermap_orezane.xlsx,30.0,detected_individual,,,validated_primary_match,Distinct 3DFin candidate with an unambiguous GT match,True,False,False
T13,20.61453804234518,0.2309206059397532,16.28342464395016,7.733093564396579,13,Intermediate,Hovermap,10_20611471_int_hovermap_orezane.xlsx,29.0,detected_individual,,,validated_primary_match,Distinct 3DFin candidate with an unambiguous GT match,True,False,False
T14,21.65894706877039,0.05417162997690012,19.88343617592081,2.866977322339407,14,Intermediate,Hovermap,10_20611471_int_hovermap_orezane.xlsx,26.0,detected_individual,,,validated_primary_match,Distinct 3DFin candidate with an unambiguous GT match,True,False,False
T15,18.97710792539785,0.0,12.99995263943116,6.943046482201966,15,Intermediate,Hovermap,10_20611471_int_hovermap_orezane.xlsx,22.0,detected_individual,,,validated_primary_match,Distinct 3DFin candidate with an unambiguous GT match,True,False,False
T16,22.94846636282007,0.3452311918129172,17.55668745999181,1.106839845235271,16,Intermediate,Hovermap,10_20611471_int_hovermap_orezane.xlsx,14.0,detected_individual,,,validated_primary_match,Distinct 3DFin candidate with an unambiguous GT match,True,False,False
T17,21.39230855364885,0.2350212451644681,23.08019303595306,-7.664133184982337,17,Intermediate,Hovermap,10_20611471_int_hovermap_orezane.xlsx,15.0,detected_individual,,,validated_primary_match,Distinct 3DFin candidate with an unambiguous GT match,True,False,False
T18,20.78602993940051,0.2687779713880881,21.66138719190491,-5.199707733772517,18,Intermediate,Hovermap,10_20611471_int_hovermap_orezane.xlsx,23.0,detected_individual,,,validated_primary_match,Distinct 3DFin candidate with an unambiguous GT match,True,False,False
T19,22.60619285359535,0.3204516949043884,15.85697169795649,1.302256186064561,19,Intermediate,Hovermap,10_20611471_int_hovermap_orezane.xlsx,17.0,detected_individual,,,validated_primary_match,Distinct 3DFin candidate with an unambiguous GT match,True,False,False
T20,21.65700050320666,0.3173054737673819,18.31200550089429,-2.366594309487674,20,Intermediate,Hovermap,10_20611471_int_hovermap_orezane.xlsx,25.0,detected_individual,,,validated_primary_match,Distinct 3DFin candidate with an unambiguous GT match,True,False,False
T21,20.2227320309355,0.292827821993598,8.552968778129848,2.571791883286917,21,Intermediate,Hovermap,10_20611471_int_hovermap_orezane.xlsx,19.0,detected_individual,,,validated_primary_match,Distinct 3DFin candidate with an unambiguous GT match,True,False,False
T22,22.0388838252217,0.352057171792251,13.82528727970362,-4.609562705081306,22,Intermediate,Hovermap,10_20611471_int_hovermap_orezane.xlsx,16.0,detected_individual,,,validated_primary_match,Distinct 3DFin candidate with an unambiguous GT match,True,False,False
T23,18.80670054135524,0.2023357244642166,16.31256343536969,-8.372448772762151,23,Intermediate,Hovermap,10_20611471_int_hovermap_orezane.xlsx,20.0,detected_individual,,,validated_primary_match,Distinct 3DFin candidate with an unambiguous GT match,True,False,False
T24,21.30565874512623,0.3448163907721873,10.5003469617946,-4.429563418458514,24,Intermediate,Hovermap,10_20611471_int_hovermap_orezane.xlsx,,,,,genuine_unrecorded_tree,Manually reviewed genuine tree absent from GT inventory,False,True,False
T25,20.74963842217965,0.4013160371215278,13.01486116430902,-8.096227145007806,25,Intermediate,Hovermap,10_20611471_int_hovermap_orezane.xlsx,,,,,genuine_unrecorded_tree,Manually reviewed genuine tree absent from GT inventory,False,True,False
T1,19.32515429526752,0.2421485820037796,23.07358582670583,8.1905314294228,1,Challenging,Single sensor,15_20531271_n_ch_jednoskener_orezane.xlsx,18.0,detected_individual,,,validated_primary_match,Distinct 3DFin candidate with an unambiguous GT match,True,False,False
T2,21.88514545061229,0.1788149542147684,16.62338221441693,5.997549632105541,2,Challenging,Single sensor,15_20531271_n_ch_jednoskener_orezane.xlsx,13.0,detected_individual,,,validated_primary_match,Distinct 3DFin candidate with an unambiguous GT match,True,False,False
T3,22.88678657496189,0.1896080572042106,20.54357549636692,6.255579024985988,3,Challenging,Single sensor,15_20531271_n_ch_jednoskener_orezane.xlsx,,,35;36,True,undersegmented_GT_trees,Single 3DFin candidate represents multiple GT trees,False,False,True
T4,24.78371521580323,0.4112047885678457,17.83710636198751,5.478536099513587,4,Challenging,Single sensor,15_20531271_n_ch_jednoskener_orezane.xlsx,14.0,detected_individual,,,validated_primary_match,Distinct 3DFin candidate with an unambiguous GT match,True,False,False
T5,21.70898947845946,0.07551714109970323,26.29956603030306,8.12127802305722,5,Challenging,Single sensor,15_20531271_n_ch_jednoskener_orezane.xlsx,37.0,detected_individual,,,validated_primary_match,Distinct 3DFin candidate with an unambiguous GT match,True,False,False
T6,23.78409933572411,0.0,13.00427485885868,3.199236358700143,6,Challenging,Single sensor,15_20531271_n_ch_jednoskener_orezane.xlsx,34.0,detected_ambiguous_identity,,,detected_ambiguous_identity,Distinct GT33/GT34 tree instance; exact GT identity uncertain,True,False,False
T7,16.74453870321793,0.0693508256853816,18.93008290370057,3.736410483197352,7,Challenging,Single sensor,15_20531271_n_ch_jednoskener_orezane.xlsx,,,,,genuine_unrecorded_tree,Manually reviewed genuine tree absent from GT inventory,False,True,False
T8,6.734540040118006,0.05664484978061916,18.60313743365913,3.846135073168162,8,Challenging,Single sensor,15_20531271_n_ch_jednoskener_orezane.xlsx,,,,,genuine_unrecorded_tree,Manually reviewed genuine tree absent from GT inventory,False,True,False
T9,24.80342122415455,0.0,13.59734861209081,1.436142049549681,9,Challenging,Single sensor,15_20531271_n_ch_jednoskener_orezane.xlsx,33.0,detected_ambiguous_identity,,,detected_ambiguous_identity,Distinct GT33/GT34 tree instance; exact GT identity uncertain,True,False,False
T10,25.2048608556776,0.343267440518177,25.40698745939055,3.388171005362186,10,Challenging,Single sensor,15_20531271_n_ch_jednoskener_orezane.xlsx,19.0,detected_individual,,,validated_primary_match,Distinct 3DFin candidate with an unambiguous GT match,True,False,False
T11,23.52228838433703,0.3737416578002283,29.56773162623778,4.427656970119396,11,Challenging,Single sensor,15_20531271_n_ch_jednoskener_orezane.xlsx,20.0,detected_individual,,,validated_primary_match,Distinct 3DFin candidate with an unambiguous GT match,True,False,False
T12,24.39441865599987,0.0,19.91572240875096,1.705440230108217,12,Challenging,Single sensor,15_20531271_n_ch_jednoskener_orezane.xlsx,,,,,genuine_unrecorded_tree,Manually reviewed genuine tree absent from GT inventory,False,True,False
T13,23.19891578962004,0.0,23.4922719037217,1.882235323113685,13,Challenging,Single sensor,15_20531271_n_ch_jednoskener_orezane.xlsx,,,,,genuine_unrecorded_tree,Manually reviewed genuine tree absent from GT inventory,False,True,False
T14,22.77134138276383,0.3720876609712425,13.357490881503,-2.697509467117129,14,Challenging,Single sensor,15_20531271_n_ch_jednoskener_orezane.xlsx,9.0,detected_individual,,,validated_primary_match,Distinct 3DFin candidate with an unambiguous GT match,True,False,False
T15,23.49536733152035,0.3107082994905211,21.38891454281145,0.4870271650042385,15,Challenging,Single sensor,15_20531271_n_ch_jednoskener_orezane.xlsx,16.0,detected_individual,,,validated_primary_match,Distinct 3DFin candidate with an unambiguous GT match,True,False,False
T16,23.32328487418658,0.4475494653235814,11.67013560930794,-7.873651021452482,16,Challenging,Single sensor,15_20531271_n_ch_jednoskener_orezane.xlsx,8.0,detected_individual,,,validated_primary_match,Distinct 3DFin candidate with an unambiguous GT match,True,False,False
T17,26.68081500404486,0.0,25.01077026159504,-2.776239049601045,17,Challenging,Single sensor,15_20531271_n_ch_jednoskener_orezane.xlsx,,,23;24,True,undersegmented_GT_trees,Single 3DFin candidate represents multiple GT trees,False,False,True
T18,24.51949163657981,0.0,29.00621327565046,-2.594689372796411,18,Challenging,Single sensor,15_20531271_n_ch_jednoskener_orezane.xlsx,25.0,detected_individual,,,validated_primary_match,Distinct 3DFin candidate with an unambiguous GT match,True,False,False
T19,23.63130652899088,0.2724593913911512,23.75396124779436,-8.426607781583458,19,Challenging,Single sensor,15_20531271_n_ch_jednoskener_orezane.xlsx,3.0,detected_individual,,,validated_primary_match,Distinct 3DFin candidate with an unambiguous GT match,True,False,False
T20,24.44118453149865,0.4987021462227905,29.58951626485868,-5.597415203546199,20,Challenging,Single sensor,15_20531271_n_ch_jednoskener_orezane.xlsx,28.0,detected_individual,,,validated_primary_match,Distinct 3DFin candidate with an unambiguous GT match,True,False,False
T21,19.78023263033905,0.2503035264367184,33.38104282306662,-4.398483760643342,21,Challenging,Single sensor,15_20531271_n_ch_jednoskener_orezane.xlsx,26.0,detected_individual,,,validated_primary_match,Distinct 3DFin candidate with an unambiguous GT match,True,False,False
T22,26.15067686829148,0.4769553705353858,19.24360563071001,-11.20459712085974,22,Challenging,Single sensor,15_20531271_n_ch_jednoskener_orezane.xlsx,6.0,detected_individual,,,validated_primary_match,Distinct 3DFin candidate with an unambiguous GT match,True,False,False
T23,26.40881815272745,0.2493658889254767,31.9888646799102,-7.180717963394294,23,Challenging,Single sensor,15_20531271_n_ch_jednoskener_orezane.xlsx,29.0,detected_individual,,,validated_primary_match,Distinct 3DFin candidate with an unambiguous GT match,True,False,False
T24,25.96702890835759,0.3973995255740289,32.7680589711698,-9.536123437405246,24,Challenging,Single sensor,15_20531271_n_ch_jednoskener_orezane.xlsx,30.0,detected_individual,,,validated_primary_match,Distinct 3DFin candidate with an unambiguous GT match,True,False,False
T25,25.55371180085649,0.3929851270244376,27.46457556273209,-13.0758546743694,25,Challenging,Single sensor,15_20531271_n_ch_jednoskener_orezane.xlsx,1.0,detected_individual,,,validated_primary_match,Distinct 3DFin candidate with an unambiguous GT match,True,False,False
T26,25.95295623442875,0.3393729580839066,24.49961308463389,-14.00939467080154,26,Challenging,Single sensor,15_20531271_n_ch_jednoskener_orezane.xlsx,2.0,detected_individual,,,validated_primary_match,Distinct 3DFin candidate with an unambiguous GT match,True,False,False
T27,23.7071751324825,0.1466040287636955,24.56858874257987,-14.74379475972796,27,Challenging,Single sensor,15_20531271_n_ch_jednoskener_orezane.xlsx,5.0,detected_individual,,,validated_primary_match,Distinct 3DFin candidate with an unambiguous GT match,True,False,False
T1,24.82975652051373,0.3004261993600822,20.47353669198931,6.393002824209374,1,Challenging,Dual sensor,15_20531271_n_ch_dvojskener_orezane.xlsx,,,35;36,True,undersegmented_GT_trees,Single 3DFin candidate represents multiple GT trees,False,False,True
T2,20.17447862492743,0.2467490347477151,23.07995641773223,8.180803528017691,2,Challenging,Dual sensor,15_20531271_n_ch_dvojskener_orezane.xlsx,18.0,detected_individual,,,validated_primary_match,Distinct 3DFin candidate with an unambiguous GT match,True,False,False
T3,25.7658569348752,0.402493843292944,17.82642709002234,5.475281745079634,3,Challenging,Dual sensor,15_20531271_n_ch_dvojskener_orezane.xlsx,14.0,detected_individual,,,validated_primary_match,Distinct 3DFin candidate with an unambiguous GT match,True,False,False
T4,23.6473470294305,0.1663804781253919,12.9392597412889,3.160586251189146,4,Challenging,Dual sensor,15_20531271_n_ch_dvojskener_orezane.xlsx,34.0,detected_ambiguous_identity,,,detected_ambiguous_identity,Distinct GT33/GT34 tree instance; exact GT identity uncertain,True,False,False
T5,23.31268809597183,0.132602865338858,26.33211470286817,8.141569420154536,5,Challenging,Dual sensor,15_20531271_n_ch_dvojskener_orezane.xlsx,37.0,detected_individual,,,validated_primary_match,Distinct 3DFin candidate with an unambiguous GT match,True,False,False
T6,25.05045881770254,0.346970120371653,25.41018827148523,3.384288130234147,6,Challenging,Dual sensor,15_20531271_n_ch_dvojskener_orezane.xlsx,19.0,detected_individual,,,validated_primary_match,Distinct 3DFin candidate with an unambiguous GT match,True,False,False
T7,24.38835319442607,0.07871718017678501,18.89877886632772,3.73159301775314,7,Challenging,Dual sensor,15_20531271_n_ch_dvojskener_orezane.xlsx,,,,,genuine_unrecorded_tree,Manually reviewed genuine tree absent from GT inventory,False,True,False
T8,25.99663367420097,0.0,13.62375051826908,1.61706910726116,8,Challenging,Dual sensor,15_20531271_n_ch_dvojskener_orezane.xlsx,33.0,detected_ambiguous_identity,,,detected_ambiguous_identity,Distinct GT33/GT34 tree instance; exact GT identity uncertain,True,False,False
T9,24.28873590393557,0.4368596560121264,29.50400966385391,4.42371116630169,9,Challenging,Dual sensor,15_20531271_n_ch_dvojskener_orezane.xlsx,20.0,detected_individual,,,validated_primary_match,Distinct 3DFin candidate with an unambiguous GT match,True,False,False
T10,25.06449417190593,0.106751693031264,19.65164500497427,2.570456551930076,10,Challenging,Dual sensor,15_20531271_n_ch_dvojskener_orezane.xlsx,,,,,genuine_unrecorded_tree,Manually reviewed genuine tree absent from GT inventory,False,True,False
T11,23.99467190118364,0.1766843425351999,16.62915394695258,5.99488171275715,11,Challenging,Dual sensor,15_20531271_n_ch_dvojskener_orezane.xlsx,13.0,detected_individual,,,validated_primary_match,Distinct 3DFin candidate with an unambiguous GT match,True,False,False
T12,25.17874638419633,0.0699037252606324,19.91013920079207,1.71300512116396,12,Challenging,Dual sensor,15_20531271_n_ch_dvojskener_orezane.xlsx,,,,,genuine_unrecorded_tree,Manually reviewed genuine tree absent from GT inventory,False,True,False
T13,24.65419868627495,0.09335021855883337,20.20482023445967,2.427762193289908,13,Challenging,Dual sensor,15_20531271_n_ch_dvojskener_orezane.xlsx,,,,,genuine_unrecorded_tree,Manually reviewed genuine tree absent from GT inventory,False,True,False
T14,8.871809766740455,0.0,14.18385752620747,-2.020458042128479,14,Challenging,Dual sensor,15_20531271_n_ch_dvojskener_orezane.xlsx,,,,,genuine_unrecorded_tree,Manually reviewed genuine tree absent from GT inventory,False,True,False
T15,25.46773260035001,0.3770568923913736,13.35600869176911,-2.684761911641388,15,Challenging,Dual sensor,15_20531271_n_ch_dvojskener_orezane.xlsx,9.0,detected_individual,,,validated_primary_match,Distinct 3DFin candidate with an unambiguous GT match,True,False,False
T16,21.96471807495474,0.312491486204031,21.39195901252063,0.4857728688237117,16,Challenging,Dual sensor,15_20531271_n_ch_dvojskener_orezane.xlsx,16.0,detected_individual,,,validated_primary_match,Distinct 3DFin candidate with an unambiguous GT match,True,False,False
T17,24.89323125461758,0.07695363009262905,23.4902219167468,1.870641224037313,17,Challenging,Dual sensor,15_20531271_n_ch_dvojskener_orezane.xlsx,,,,,genuine_unrecorded_tree,Manually reviewed genuine tree absent from GT inventory,False,True,False
T18,24.4214841902092,0.3414507908117594,17.43077020803961,-7.710701433096781,18,Challenging,Dual sensor,15_20531271_n_ch_dvojskener_orezane.xlsx,,,7;32,True,undersegmented_GT_trees,Single 3DFin candidate represents multiple GT trees,False,False,True
T19,27.06704531724138,0.5016475827327792,24.99009599415596,-2.874976025136086,19,Challenging,Dual sensor,15_20531271_n_ch_dvojskener_orezane.xlsx,,,23;24,True,undersegmented_GT_trees,Single 3DFin candidate represents multiple GT trees,False,False,True
T20,25.69293253756934,0.2953753640486732,29.07980761178899,-2.622088598338819,20,Challenging,Dual sensor,15_20531271_n_ch_dvojskener_orezane.xlsx,25.0,detected_individual,,,validated_primary_match,Distinct 3DFin candidate with an unambiguous GT match,True,False,False
T21,23.12391861387243,0.4975557470073035,11.72604218569303,-7.867099186932624,21,Challenging,Dual sensor,15_20531271_n_ch_dvojskener_orezane.xlsx,8.0,detected_individual,,,validated_primary_match,Distinct 3DFin candidate with an unambiguous GT match,True,False,False
T22,20.42232978639115,0.2553262450591902,33.37502428395925,-4.391260391167704,22,Challenging,Dual sensor,15_20531271_n_ch_dvojskener_orezane.xlsx,26.0,detected_individual,,,validated_primary_match,Distinct 3DFin candidate with an unambiguous GT match,True,False,False
T23,26.15949558686987,0.4659418600159854,29.56340233416155,-5.575191163756577,23,Challenging,Dual sensor,15_20531271_n_ch_dvojskener_orezane.xlsx,28.0,detected_individual,,,validated_primary_match,Distinct 3DFin candidate with an unambiguous GT match,True,False,False
T24,25.01148948114595,0.4600141595235485,19.22847214942678,-11.20839110927608,24,Challenging,Dual sensor,15_20531271_n_ch_dvojskener_orezane.xlsx,6.0,detected_individual,,,validated_primary_match,Distinct 3DFin candidate with an unambiguous GT match,True,False,False
T25,24.83018609214253,0.275115513349364,23.7461476847353,-8.419535816133484,25,Challenging,Dual sensor,15_20531271_n_ch_dvojskener_orezane.xlsx,3.0,detected_individual,,,validated_primary_match,Distinct 3DFin candidate with an unambiguous GT match,True,False,False
T26,26.81911203424036,0.2494286903811332,31.9829878068434,-7.175654472091979,26,Challenging,Dual sensor,15_20531271_n_ch_dvojskener_orezane.xlsx,29.0,detected_individual,,,validated_primary_match,Distinct 3DFin candidate with an unambiguous GT match,True,False,False
T27,26.74219881942518,0.3990773278566414,32.75421662684587,-9.532449037769027,27,Challenging,Dual sensor,15_20531271_n_ch_dvojskener_orezane.xlsx,30.0,detected_individual,,,validated_primary_match,Distinct 3DFin candidate with an unambiguous GT match,True,False,False
T28,26.43828381721548,0.3354227495196103,24.49016472830463,-13.987749293817,28,Challenging,Dual sensor,15_20531271_n_ch_dvojskener_orezane.xlsx,2.0,detected_individual,,,validated_primary_match,Distinct 3DFin candidate with an unambiguous GT match,True,False,False
T29,24.59788706440515,0.384362910674294,27.45120849024722,-13.06049907897854,29,Challenging,Dual sensor,15_20531271_n_ch_dvojskener_orezane.xlsx,1.0,detected_individual,,,validated_primary_match,Distinct 3DFin candidate with an unambiguous GT match,True,False,False
T30,23.75781739537799,0.1210063459371726,24.54391607290157,-14.73237384555092,30,Challenging,Dual sensor,15_20531271_n_ch_dvojskener_orezane.xlsx,5.0,detected_individual,,,validated_primary_match,Distinct 3DFin candidate with an unambiguous GT match,True,False,False
T1,20.47117039802963,0.2386070300675406,23.06798974032101,8.176416296620813,1,Challenging,Hovermap,15_20531271_n_ch_hovermap_orezane.xlsx,13.0,detected_individual,,,validated_primary_match,Distinct 3DFin candidate with an unambiguous GT match,True,False,False
T2,10.2435698270652,0.1803268157240137,16.62646702511939,5.987725674825338,2,Challenging,Hovermap,15_20531271_n_ch_hovermap_orezane.xlsx,18.0,detected_individual,,,validated_primary_match,Distinct 3DFin candidate with an unambiguous GT match,True,False,False
T3,25.98383690477047,0.1640688578126618,20.52078380244821,6.24509713159164,3,Challenging,Hovermap,15_20531271_n_ch_hovermap_orezane.xlsx,,,35;36,True,undersegmented_GT_trees,Single 3DFin candidate represents multiple GT trees,False,False,True
T4,26.36164889375464,0.4120195768304327,17.83435280549626,5.469057075163377,4,Challenging,Hovermap,15_20531271_n_ch_hovermap_orezane.xlsx,37.0,detected_individual,,,validated_primary_match,Distinct 3DFin candidate with an unambiguous GT match,True,False,False
T5,24.21660052128047,0.09589859659895994,26.28967957404417,8.113928589356895,5,Challenging,Hovermap,15_20531271_n_ch_hovermap_orezane.xlsx,14.0,detected_individual,,,validated_primary_match,Distinct 3DFin candidate with an unambiguous GT match,True,False,False
T6,24.69138473794726,0.1751876183842468,12.94540798311318,3.173688677132306,6,Challenging,Hovermap,15_20531271_n_ch_hovermap_orezane.xlsx,34.0,detected_ambiguous_identity,,,detected_ambiguous_identity,Distinct GT33/GT34 tree instance; exact GT identity uncertain,True,False,False
T7,26.66000945379472,0.4551366129911215,13.40774081787121,1.478993314678728,7,Challenging,Hovermap,15_20531271_n_ch_hovermap_orezane.xlsx,33.0,detected_ambiguous_identity,,,detected_ambiguous_identity,Distinct GT33/GT34 tree instance; exact GT identity uncertain,True,False,False
T8,21.79549911273136,0.08311518152911655,18.91132197379795,3.711732306754822,8,Challenging,Hovermap,15_20531271_n_ch_hovermap_orezane.xlsx,,,,,genuine_unrecorded_tree,Manually reviewed genuine tree absent from GT inventory,False,True,False
T9,14.56986087504622,0.06311687551602843,18.59926932616865,3.831106995550067,9,Challenging,Hovermap,15_20531271_n_ch_hovermap_orezane.xlsx,19.0,detected_individual,,,validated_primary_match,Distinct 3DFin candidate with an unambiguous GT match,True,False,False
T10,25.34088922198001,0.3340843961335105,25.40018469704278,3.400506069439761,10,Challenging,Hovermap,15_20531271_n_ch_hovermap_orezane.xlsx,,,,,genuine_unrecorded_tree,Manually reviewed genuine tree absent from GT inventory,False,True,False
T11,24.55211775310335,0.3776440733695252,29.55696479336154,4.439690609668487,11,Challenging,Hovermap,15_20531271_n_ch_hovermap_orezane.xlsx,20.0,detected_individual,,,validated_primary_match,Distinct 3DFin candidate with an unambiguous GT match,True,False,False
T12,25.35767572610765,0.08655380434820185,29.03115499736486,4.339161442505034,12,Challenging,Hovermap,15_20531271_n_ch_hovermap_orezane.xlsx,,,,,genuine_unrecorded_tree,Manually reviewed genuine tree absent from GT inventory,False,True,False
T13,25.21673326727392,0.06663714465050488,19.91659064270729,1.698654437463706,13,Challenging,Hovermap,15_20531271_n_ch_hovermap_orezane.xlsx,,,,,genuine_unrecorded_tree,Manually reviewed genuine tree absent from GT inventory,False,True,False
T14,25.03851257199661,0.05404647281234759,23.47894218294586,1.872606728416361,14,Challenging,Hovermap,15_20531271_n_ch_hovermap_orezane.xlsx,,,,,genuine_unrecorded_tree,Manually reviewed genuine tree absent from GT inventory,False,True,False
T15,10.09391030588945,0.0851779911132545,14.17829528079249,-2.030154891861706,15,Challenging,Hovermap,15_20531271_n_ch_hovermap_orezane.xlsx,,,,,genuine_unrecorded_tree,Manually reviewed genuine tree absent from GT inventory,False,True,False
T16,26.08299948332638,0.3644694600401844,13.36642131624333,-2.688245378073891,16,Challenging,Hovermap,15_20531271_n_ch_hovermap_orezane.xlsx,9.0,detected_individual,,,validated_primary_match,Distinct 3DFin candidate with an unambiguous GT match,True,False,False
T17,23.60859055197078,0.3045544865271492,21.38198746458634,0.4870558403442828,17,Challenging,Hovermap,15_20531271_n_ch_hovermap_orezane.xlsx,16.0,detected_individual,,,validated_primary_match,Distinct 3DFin candidate with an unambiguous GT match,True,False,False
T18,23.76611640977523,0.3260169859048651,17.44476545606692,-7.701812685978155,18,Challenging,Hovermap,15_20531271_n_ch_hovermap_orezane.xlsx,,,7;32,True,undersegmented_GT_trees,Single 3DFin candidate represents multiple GT trees,False,False,True
T19,27.66443036506266,0.0,25.01731681524581,-2.80798144493313,19,Challenging,Hovermap,15_20531271_n_ch_hovermap_orezane.xlsx,,,23;24,True,undersegmented_GT_trees,Single 3DFin candidate represents multiple GT trees,False,False,True
T20,26.0631449982012,0.2890106780228626,29.06732348701325,-2.619571071064829,20,Challenging,Hovermap,15_20531271_n_ch_hovermap_orezane.xlsx,8.0,detected_individual,,,validated_primary_match,Distinct 3DFin candidate with an unambiguous GT match,True,False,False
T21,23.44481330729511,0.4557983033790436,11.690606155013,-7.871391664060468,21,Challenging,Hovermap,15_20531271_n_ch_hovermap_orezane.xlsx,25.0,detected_individual,,,validated_primary_match,Distinct 3DFin candidate with an unambiguous GT match,True,False,False
T22,25.35550806182371,0.246054640466465,33.36189920383501,-4.383894377012894,22,Challenging,Hovermap,15_20531271_n_ch_hovermap_orezane.xlsx,26.0,detected_individual,,,validated_primary_match,Distinct 3DFin candidate with an unambiguous GT match,True,False,False
T23,25.5323627751889,0.2760350868132561,23.74739550195964,-8.408694602473599,23,Challenging,Hovermap,15_20531271_n_ch_hovermap_orezane.xlsx,3.0,detected_individual,,,validated_primary_match,Distinct 3DFin candidate with an unambiguous GT match,True,False,False
T24,26.47076440666354,0.4627701287949902,29.55334807758376,-5.571609853438986,24,Challenging,Hovermap,15_20531271_n_ch_hovermap_orezane.xlsx,28.0,detected_individual,,,validated_primary_match,Distinct 3DFin candidate with an unambiguous GT match,True,False,False
T25,26.52521877003176,0.4585969936696249,19.23749463841477,-11.1948908316578,25,Challenging,Hovermap,15_20531271_n_ch_hovermap_orezane.xlsx,6.0,detected_individual,,,validated_primary_match,Distinct 3DFin candidate with an unambiguous GT match,True,False,False
T26,26.45891720134418,0.2372955370115243,31.97239093918768,-7.166443184008479,26,Challenging,Hovermap,15_20531271_n_ch_hovermap_orezane.xlsx,29.0,detected_individual,,,validated_primary_match,Distinct 3DFin candidate with an unambiguous GT match,True,False,False
T27,27.10467921577011,0.3918376646565397,32.74304317252156,-9.519351800908161,27,Challenging,Hovermap,15_20531271_n_ch_hovermap_orezane.xlsx,30.0,detected_individual,,,validated_primary_match,Distinct 3DFin candidate with an unambiguous GT match,True,False,False
T28,26.55623406114439,0.334936496318027,24.4858947041898,-13.9796825363668,28,Challenging,Hovermap,15_20531271_n_ch_hovermap_orezane.xlsx,2.0,detected_individual,,,validated_primary_match,Distinct 3DFin candidate with an unambiguous GT match,True,False,False
T29,25.48875411207422,0.3928074294239989,27.45148763565087,-13.05069588101901,29,Challenging,Hovermap,15_20531271_n_ch_hovermap_orezane.xlsx,1.0,detected_individual,,,validated_primary_match,Distinct 3DFin candidate with an unambiguous GT match,True,False,False
T30,24.24069616860579,0.1170173374991112,24.53344175057931,-14.71738552439368,30,Challenging,Hovermap,15_20531271_n_ch_hovermap_orezane.xlsx,5.0,detected_individual,,,validated_primary_match,Distinct 3DFin candidate with an unambiguous GT match,True,False,False
