Terrain,Scanner,GT_ID,Tree_ID,Attribute,Stage,GT_value,Predicted_value,Error,Absolute_error,ID_confidence,TH_validated
Easy,Single sensor,6,4,TH,Pre-TH-QC,27.7,26.21955485233403,-1.480445147665968,1.480445147665968,HIGH,True
Easy,Single sensor,6,4,TH,Post-QC,27.7,26.21955485233403,-1.480445147665968,1.480445147665968,HIGH,True
Easy,Single sensor,6,4,DBH,Pre-TH-QC,0.631,0.6356333444910457,0.004633344491045688,0.004633344491045688,HIGH,
Easy,Single sensor,6,4,DBH,Post-QC,0.631,0.6356333444910457,0.004633344491045688,0.004633344491045688,HIGH,
Easy,Dual sensor,6,4,TH,Pre-TH-QC,27.7,26.00764518662208,-1.6923548133779178,1.6923548133779178,HIGH,True
Easy,Dual sensor,6,4,TH,Post-QC,27.7,26.00764518662208,-1.6923548133779178,1.6923548133779178,HIGH,True
Easy,Dual sensor,6,4,DBH,Pre-TH-QC,0.631,0.6144029144282799,-0.016597085571720127,0.016597085571720127,HIGH,
Easy,Dual sensor,6,4,DBH,Post-QC,0.631,0.6144029144282799,-0.016597085571720127,0.016597085571720127,HIGH,
Easy,Hovermap,6,4,TH,Pre-TH-QC,27.7,26.8144351690689,-0.8855648309310986,0.8855648309310986,HIGH,True
Easy,Hovermap,6,4,TH,Post-QC,27.7,26.8144351690689,-0.8855648309310986,0.8855648309310986,HIGH,True
Easy,Hovermap,6,4,DBH,Pre-TH-QC,0.631,0.620277717996346,-0.010722282003653993,0.010722282003653993,HIGH,
Easy,Hovermap,6,4,DBH,Post-QC,0.631,0.620277717996346,-0.010722282003653993,0.010722282003653993,HIGH,
Easy,Single sensor,13,7,TH,Pre-TH-QC,21.9,25.09223018286223,3.1922301828622324,3.1922301828622324,HIGH,False
Easy,Single sensor,13,7,DBH,Pre-TH-QC,0.248,0.2892316058561659,0.04123160585616592,0.04123160585616592,HIGH,
Easy,Single sensor,13,7,DBH,Post-QC,0.248,0.2892316058561659,0.04123160585616592,0.04123160585616592,HIGH,
Easy,Dual sensor,13,7,TH,Pre-TH-QC,21.9,25.39717714895223,3.4971771489522325,3.4971771489522325,HIGH,False
Easy,Dual sensor,13,7,DBH,Pre-TH-QC,0.248,0.2776562382981482,0.029656238298148174,0.029656238298148174,HIGH,
Easy,Dual sensor,13,7,DBH,Post-QC,0.248,0.2776562382981482,0.029656238298148174,0.029656238298148174,HIGH,
Easy,Hovermap,13,8,TH,Pre-TH-QC,21.9,25.8178662147513,3.917866214751303,3.917866214751303,HIGH,False
Easy,Hovermap,13,8,DBH,Pre-TH-QC,0.248,0.272024742783437,0.024024742783437025,0.024024742783437025,HIGH,
Easy,Hovermap,13,8,DBH,Post-QC,0.248,0.272024742783437,0.024024742783437025,0.024024742783437025,HIGH,
Easy,Single sensor,17,6,TH,Pre-TH-QC,16.8,26.60526406912281,9.80526406912281,9.80526406912281,HIGH,False
Easy,Single sensor,17,6,DBH,Pre-TH-QC,0.351,0.3512648263595176,0.00026482635951763367,0.00026482635951763367,HIGH,
Easy,Single sensor,17,6,DBH,Post-QC,0.351,0.3512648263595176,0.00026482635951763367,0.00026482635951763367,HIGH,
Easy,Dual sensor,17,6,TH,Pre-TH-QC,16.8,26.83324336183557,10.03324336183557,10.03324336183557,HIGH,False
Easy,Dual sensor,17,6,DBH,Pre-TH-QC,0.351,0.3512135068263147,0.0002135068263147133,0.0002135068263147133,HIGH,
Easy,Dual sensor,17,6,DBH,Post-QC,0.351,0.3512135068263147,0.0002135068263147133,0.0002135068263147133,HIGH,
Easy,Hovermap,17,6,TH,Pre-TH-QC,16.8,27.0636621577065,10.263662157706499,10.263662157706499,HIGH,False
Easy,Hovermap,17,6,DBH,Pre-TH-QC,0.351,0.347523771961134,-0.0034762280388659916,0.0034762280388659916,HIGH,
Easy,Hovermap,17,6,DBH,Post-QC,0.351,0.347523771961134,-0.0034762280388659916,0.0034762280388659916,HIGH,
Easy,Single sensor,20,8,TH,Pre-TH-QC,22.5,27.15077565408161,4.65077565408161,4.65077565408161,HIGH,False
Easy,Single sensor,20,8,DBH,Pre-TH-QC,0.453,0.4574174817025985,0.00441748170259848,0.00441748170259848,HIGH,
Easy,Single sensor,20,8,DBH,Post-QC,0.453,0.4574174817025985,0.00441748170259848,0.00441748170259848,HIGH,
Easy,Dual sensor,20,8,TH,Pre-TH-QC,22.5,27.64201147742628,5.14201147742628,5.14201147742628,HIGH,False
Easy,Dual sensor,20,8,DBH,Pre-TH-QC,0.453,0.4583515720400795,0.005351572040079466,0.005351572040079466,HIGH,
Easy,Dual sensor,20,8,DBH,Post-QC,0.453,0.4583515720400795,0.005351572040079466,0.005351572040079466,HIGH,
Easy,Hovermap,20,7,TH,Pre-TH-QC,22.5,29.7465176887191,7.2465176887190985,7.2465176887190985,HIGH,False
Easy,Hovermap,20,7,DBH,Pre-TH-QC,0.453,0.454347862965695,0.0013478629656950014,0.0013478629656950014,HIGH,
Easy,Hovermap,20,7,DBH,Post-QC,0.453,0.454347862965695,0.0013478629656950014,0.0013478629656950014,HIGH,
Easy,Single sensor,21,9,TH,Pre-TH-QC,31.4,27.34277499173078,-4.057225008269217,4.057225008269217,HIGH,True
Easy,Single sensor,21,9,TH,Post-QC,31.4,27.34277499173078,-4.057225008269217,4.057225008269217,HIGH,True
Easy,Single sensor,21,9,DBH,Pre-TH-QC,0.627,0.62360523759676,-0.0033947624032399926,0.0033947624032399926,HIGH,
Easy,Single sensor,21,9,DBH,Post-QC,0.627,0.62360523759676,-0.0033947624032399926,0.0033947624032399926,HIGH,
Easy,Dual sensor,21,9,TH,Pre-TH-QC,31.4,29.59945198913502,-1.8005480108649792,1.8005480108649792,HIGH,True
Easy,Dual sensor,21,9,TH,Post-QC,31.4,29.59945198913502,-1.8005480108649792,1.8005480108649792,HIGH,True
Easy,Dual sensor,21,9,DBH,Pre-TH-QC,0.627,0.6083201602387658,-0.018679839761234218,0.018679839761234218,HIGH,
Easy,Dual sensor,21,9,DBH,Post-QC,0.627,0.6083201602387658,-0.018679839761234218,0.018679839761234218,HIGH,
Easy,Hovermap,21,9,TH,Pre-TH-QC,31.4,30.5971943996937,-0.8028056003063,0.8028056003063,HIGH,True
Easy,Hovermap,21,9,TH,Post-QC,31.4,30.5971943996937,-0.8028056003063,0.8028056003063,HIGH,True
Easy,Hovermap,21,9,DBH,Pre-TH-QC,0.627,0.602732468640456,-0.02426753135954396,0.02426753135954396,HIGH,
Easy,Hovermap,21,9,DBH,Post-QC,0.627,0.602732468640456,-0.02426753135954396,0.02426753135954396,HIGH,
Easy,Single sensor,27,5,TH,Pre-TH-QC,30.5,26.25006082289337,-4.249939177106629,4.249939177106629,HIGH,True
Easy,Single sensor,27,5,TH,Post-QC,30.5,26.25006082289337,-4.249939177106629,4.249939177106629,HIGH,True
Easy,Single sensor,27,5,DBH,Pre-TH-QC,0.488,0.5302643223857433,0.04226432238574329,0.04226432238574329,HIGH,
Easy,Single sensor,27,5,DBH,Post-QC,0.488,0.5302643223857433,0.04226432238574329,0.04226432238574329,HIGH,
Easy,Dual sensor,27,5,TH,Pre-TH-QC,30.5,28.24737841468464,-2.25262158531536,2.25262158531536,HIGH,True
Easy,Dual sensor,27,5,TH,Post-QC,30.5,28.24737841468464,-2.25262158531536,2.25262158531536,HIGH,True
Easy,Dual sensor,27,5,DBH,Pre-TH-QC,0.488,0.4934846305092066,0.005484630509206612,0.005484630509206612,HIGH,
Easy,Dual sensor,27,5,DBH,Post-QC,0.488,0.4934846305092066,0.005484630509206612,0.005484630509206612,HIGH,
Easy,Hovermap,27,5,TH,Pre-TH-QC,30.5,30.0756949404257,-0.4243050595743014,0.4243050595743014,HIGH,True
Easy,Hovermap,27,5,TH,Post-QC,30.5,30.0756949404257,-0.4243050595743014,0.4243050595743014,HIGH,True
Easy,Hovermap,27,5,DBH,Pre-TH-QC,0.488,0.496350569531939,0.008350569531939023,0.008350569531939023,HIGH,
Easy,Hovermap,27,5,DBH,Post-QC,0.488,0.496350569531939,0.008350569531939023,0.008350569531939023,HIGH,
Easy,Single sensor,31,2,TH,Pre-TH-QC,23.9,26.74567406757072,2.845674067570723,2.845674067570723,HIGH,False
Easy,Single sensor,31,2,DBH,Pre-TH-QC,0.558,0.60655329572536,0.048553295725359935,0.048553295725359935,HIGH,
Easy,Single sensor,31,2,DBH,Post-QC,0.558,0.60655329572536,0.048553295725359935,0.048553295725359935,HIGH,
Easy,Dual sensor,31,2,TH,Pre-TH-QC,23.9,26.72911184365203,2.829111843652033,2.829111843652033,HIGH,False
Easy,Dual sensor,31,2,DBH,Pre-TH-QC,0.558,0.5863859830933513,0.028385983093351275,0.028385983093351275,HIGH,
Easy,Dual sensor,31,2,DBH,Post-QC,0.558,0.5863859830933513,0.028385983093351275,0.028385983093351275,HIGH,
Easy,Hovermap,31,2,TH,Pre-TH-QC,23.9,27.8095139430991,3.9095139430990997,3.9095139430990997,HIGH,False
Easy,Hovermap,31,2,DBH,Pre-TH-QC,0.558,0.582990984814901,0.02499098481490092,0.02499098481490092,HIGH,
Easy,Hovermap,31,2,DBH,Post-QC,0.558,0.582990984814901,0.02499098481490092,0.02499098481490092,HIGH,
Easy,Single sensor,33,3,TH,Pre-TH-QC,27.8,28.08763363226455,0.28763363226454786,0.28763363226454786,HIGH,True
Easy,Single sensor,33,3,TH,Post-QC,27.8,28.08763363226455,0.28763363226454786,0.28763363226454786,HIGH,True
Easy,Single sensor,33,3,DBH,Pre-TH-QC,0.596,0.6149225943714466,0.01892259437144661,0.01892259437144661,HIGH,
Easy,Single sensor,33,3,DBH,Post-QC,0.596,0.6149225943714466,0.01892259437144661,0.01892259437144661,HIGH,
Easy,Dual sensor,33,3,TH,Pre-TH-QC,27.8,28.61960383468253,0.8196038346825283,0.8196038346825283,HIGH,True
Easy,Dual sensor,33,3,TH,Post-QC,27.8,28.61960383468253,0.8196038346825283,0.8196038346825283,HIGH,True
Easy,Dual sensor,33,3,DBH,Pre-TH-QC,0.596,0.6078586056369509,0.011858605636950958,0.011858605636950958,HIGH,
Easy,Dual sensor,33,3,DBH,Post-QC,0.596,0.6078586056369509,0.011858605636950958,0.011858605636950958,HIGH,
Easy,Hovermap,33,3,TH,Pre-TH-QC,27.8,28.8384879117119,1.0384879117119006,1.0384879117119006,HIGH,True
Easy,Hovermap,33,3,TH,Post-QC,27.8,28.8384879117119,1.0384879117119006,1.0384879117119006,HIGH,True
Easy,Hovermap,33,3,DBH,Pre-TH-QC,0.596,0.60754536365679,0.011545363656790042,0.011545363656790042,HIGH,
Easy,Hovermap,33,3,DBH,Post-QC,0.596,0.60754536365679,0.011545363656790042,0.011545363656790042,HIGH,
Easy,Single sensor,34,1,TH,Pre-TH-QC,25.2,28.90423229916498,3.704232299164982,3.704232299164982,HIGH,False
Easy,Single sensor,34,1,DBH,Pre-TH-QC,0.549,0.6242050083191425,0.07520500831914245,0.07520500831914245,HIGH,
Easy,Single sensor,34,1,DBH,Post-QC,0.549,0.6242050083191425,0.07520500831914245,0.07520500831914245,HIGH,
Easy,Dual sensor,34,1,TH,Pre-TH-QC,25.2,28.98883402167245,3.78883402167245,3.78883402167245,HIGH,False
Easy,Dual sensor,34,1,DBH,Pre-TH-QC,0.549,0.5609607659528829,0.011960765952882868,0.011960765952882868,HIGH,
Easy,Dual sensor,34,1,DBH,Post-QC,0.549,0.5609607659528829,0.011960765952882868,0.011960765952882868,HIGH,
Easy,Hovermap,34,1,TH,Pre-TH-QC,25.2,29.5487719086213,4.348771908621302,4.348771908621302,HIGH,False
Easy,Hovermap,34,1,DBH,Pre-TH-QC,0.549,0.56537292491083,0.016372924910829978,0.016372924910829978,HIGH,
Easy,Hovermap,34,1,DBH,Post-QC,0.549,0.56537292491083,0.016372924910829978,0.016372924910829978,HIGH,
Intermediate,Single sensor,1,9,TH,Pre-TH-QC,21.2,21.18289032896269,-0.017109671037310648,0.017109671037310648,HIGH,True
Intermediate,Single sensor,1,9,TH,Post-QC,21.2,21.18289032896269,-0.017109671037310648,0.017109671037310648,HIGH,True
Intermediate,Single sensor,1,9,DBH,Pre-TH-QC,0.34,0.363078700473257,0.023078700473256997,0.023078700473256997,HIGH,
Intermediate,Single sensor,1,9,DBH,Post-QC,0.34,0.363078700473257,0.023078700473256997,0.023078700473256997,HIGH,
Intermediate,Dual sensor,1,8,TH,Pre-TH-QC,21.2,21.72885372260434,0.5288537226043424,0.5288537226043424,HIGH,True
Intermediate,Dual sensor,1,8,TH,Post-QC,21.2,21.72885372260434,0.5288537226043424,0.5288537226043424,HIGH,True
Intermediate,Dual sensor,1,8,DBH,Pre-TH-QC,0.34,0.3735414201783551,0.0335414201783551,0.0335414201783551,HIGH,
Intermediate,Dual sensor,1,8,DBH,Post-QC,0.34,0.3735414201783551,0.0335414201783551,0.0335414201783551,HIGH,
Intermediate,Hovermap,1,7,TH,Pre-TH-QC,21.2,22.11849734642766,0.9184973464276602,0.9184973464276602,HIGH,True
Intermediate,Hovermap,1,7,TH,Post-QC,21.2,22.11849734642766,0.9184973464276602,0.9184973464276602,HIGH,True
Intermediate,Hovermap,1,7,DBH,Pre-TH-QC,0.34,0.3869042640584272,0.04690426405842718,0.04690426405842718,HIGH,
Intermediate,Hovermap,1,7,DBH,Post-QC,0.34,0.3869042640584272,0.04690426405842718,0.04690426405842718,HIGH,
Intermediate,Single sensor,2,3,TH,Pre-TH-QC,20.0,19.61012291845392,-0.3898770815460786,0.3898770815460786,HIGH,True
Intermediate,Single sensor,2,3,TH,Post-QC,20.0,19.61012291845392,-0.3898770815460786,0.3898770815460786,HIGH,True
Intermediate,Single sensor,2,3,DBH,Pre-TH-QC,0.241,0.242301583113843,0.0013015831138430134,0.0013015831138430134,HIGH,
Intermediate,Single sensor,2,3,DBH,Post-QC,0.241,0.242301583113843,0.0013015831138430134,0.0013015831138430134,HIGH,
Intermediate,Dual sensor,2,3,TH,Pre-TH-QC,20.0,19.25304254079218,-0.7469574592078203,0.7469574592078203,HIGH,True
Intermediate,Dual sensor,2,3,TH,Post-QC,20.0,19.25304254079218,-0.7469574592078203,0.7469574592078203,HIGH,True
Intermediate,Dual sensor,2,3,DBH,Pre-TH-QC,0.241,0.2540414992107989,0.01304149921079889,0.01304149921079889,HIGH,
Intermediate,Dual sensor,2,3,DBH,Post-QC,0.241,0.2540414992107989,0.01304149921079889,0.01304149921079889,HIGH,
Intermediate,Hovermap,2,3,TH,Pre-TH-QC,20.0,19.75534550050291,-0.2446544994970914,0.2446544994970914,HIGH,True
Intermediate,Hovermap,2,3,TH,Post-QC,20.0,19.75534550050291,-0.2446544994970914,0.2446544994970914,HIGH,True
Intermediate,Hovermap,2,3,DBH,Pre-TH-QC,0.241,0.2606253642373846,0.01962536423738459,0.01962536423738459,HIGH,
Intermediate,Hovermap,2,3,DBH,Post-QC,0.241,0.2606253642373846,0.01962536423738459,0.01962536423738459,HIGH,
Intermediate,Single sensor,4,5,TH,Pre-TH-QC,21.0,21.06266070386559,0.06266070386558908,0.06266070386558908,HIGH,False
Intermediate,Single sensor,4,5,DBH,Pre-TH-QC,0.263,0.3022414224265803,0.0392414224265803,0.0392414224265803,HIGH,
Intermediate,Single sensor,4,5,DBH,Post-QC,0.263,0.3022414224265803,0.0392414224265803,0.0392414224265803,HIGH,
Intermediate,Dual sensor,4,5,TH,Pre-TH-QC,21.0,21.71398879769144,0.7139887976914387,0.7139887976914387,HIGH,False
Intermediate,Dual sensor,4,5,DBH,Pre-TH-QC,0.263,0.2978457105476837,0.034845710547683706,0.034845710547683706,HIGH,
Intermediate,Dual sensor,4,5,DBH,Post-QC,0.263,0.2978457105476837,0.034845710547683706,0.034845710547683706,HIGH,
Intermediate,Hovermap,4,5,TH,Pre-TH-QC,21.0,21.93127003204906,0.9312700320490599,0.9312700320490599,HIGH,False
Intermediate,Hovermap,4,5,DBH,Pre-TH-QC,0.263,0.3015248224066374,0.038524822406637405,0.038524822406637405,HIGH,
Intermediate,Hovermap,4,5,DBH,Post-QC,0.263,0.3015248224066374,0.038524822406637405,0.038524822406637405,HIGH,
Intermediate,Single sensor,5,2,TH,Pre-TH-QC,21.5,21.5644692492872,0.06446924928719966,0.06446924928719966,HIGH,False
Intermediate,Single sensor,5,2,DBH,Pre-TH-QC,0.332,0.3516396032509645,0.019639603250964477,0.019639603250964477,HIGH,
Intermediate,Single sensor,5,2,DBH,Post-QC,0.332,0.3516396032509645,0.019639603250964477,0.019639603250964477,HIGH,
Intermediate,Dual sensor,5,1,TH,Pre-TH-QC,21.5,21.9117810518112,0.41178105181120017,0.41178105181120017,HIGH,False
Intermediate,Dual sensor,5,1,DBH,Pre-TH-QC,0.332,0.3439134362517718,0.01191343625177177,0.01191343625177177,HIGH,
Intermediate,Dual sensor,5,1,DBH,Post-QC,0.332,0.3439134362517718,0.01191343625177177,0.01191343625177177,HIGH,
Intermediate,Hovermap,5,1,TH,Pre-TH-QC,21.5,22.80913340262268,1.309133402622681,1.309133402622681,HIGH,False
Intermediate,Hovermap,5,1,DBH,Pre-TH-QC,0.332,0.3561145884925231,0.02411458849252307,0.02411458849252307,HIGH,
Intermediate,Hovermap,5,1,DBH,Post-QC,0.332,0.3561145884925231,0.02411458849252307,0.02411458849252307,HIGH,
Intermediate,Single sensor,8,8,TH,Pre-TH-QC,20.4,21.26652598102492,0.8665259810249211,0.8665259810249211,HIGH,False
Intermediate,Single sensor,8,8,DBH,Pre-TH-QC,0.216,0.2295857660168652,0.013585766016865203,0.013585766016865203,HIGH,
Intermediate,Single sensor,8,8,DBH,Post-QC,0.216,0.2295857660168652,0.013585766016865203,0.013585766016865203,HIGH,
Intermediate,Dual sensor,8,9,TH,Pre-TH-QC,20.4,21.1986005937316,0.798600593731603,0.798600593731603,HIGH,False
Intermediate,Dual sensor,8,9,DBH,Pre-TH-QC,0.216,0.2316994504843179,0.015699450484317895,0.015699450484317895,HIGH,
Intermediate,Dual sensor,8,9,DBH,Post-QC,0.216,0.2316994504843179,0.015699450484317895,0.015699450484317895,HIGH,
Intermediate,Hovermap,8,9,TH,Pre-TH-QC,20.4,21.52251098756441,1.1225109875644108,1.1225109875644108,HIGH,False
Intermediate,Hovermap,8,9,DBH,Pre-TH-QC,0.216,0.2519966250785265,0.035996625078526495,0.035996625078526495,HIGH,
Intermediate,Hovermap,8,9,DBH,Post-QC,0.216,0.2519966250785265,0.035996625078526495,0.035996625078526495,HIGH,
Intermediate,Single sensor,9,11,TH,Pre-TH-QC,21.0,20.48828170494995,-0.5117182950500485,0.5117182950500485,HIGH,True
Intermediate,Single sensor,9,11,TH,Post-QC,21.0,20.48828170494995,-0.5117182950500485,0.5117182950500485,HIGH,True
Intermediate,Single sensor,9,11,DBH,Pre-TH-QC,0.286,0.3057538516648374,0.019753851664837396,0.019753851664837396,HIGH,
Intermediate,Single sensor,9,11,DBH,Post-QC,0.286,0.3057538516648374,0.019753851664837396,0.019753851664837396,HIGH,
Intermediate,Dual sensor,9,12,TH,Pre-TH-QC,21.0,21.33132282707506,0.3313228270750592,0.3313228270750592,HIGH,True
Intermediate,Dual sensor,9,12,TH,Post-QC,21.0,21.33132282707506,0.3313228270750592,0.3313228270750592,HIGH,True
Intermediate,Dual sensor,9,12,DBH,Pre-TH-QC,0.286,0.305483423369256,0.019483423369256014,0.019483423369256014,HIGH,
Intermediate,Dual sensor,9,12,DBH,Post-QC,0.286,0.305483423369256,0.019483423369256014,0.019483423369256014,HIGH,
Intermediate,Hovermap,9,11,TH,Pre-TH-QC,21.0,21.36235356808633,0.36235356808633057,0.36235356808633057,HIGH,True
Intermediate,Hovermap,9,11,TH,Post-QC,21.0,21.36235356808633,0.36235356808633057,0.36235356808633057,HIGH,True
Intermediate,Hovermap,9,11,DBH,Pre-TH-QC,0.286,0.3020433718689703,0.016043371868970313,0.016043371868970313,HIGH,
Intermediate,Hovermap,9,11,DBH,Post-QC,0.286,0.3020433718689703,0.016043371868970313,0.016043371868970313,HIGH,
Intermediate,Single sensor,11,10,TH,Pre-TH-QC,22.0,22.17134863267312,0.17134863267311928,0.17134863267311928,HIGH,True
Intermediate,Single sensor,11,10,TH,Post-QC,22.0,22.17134863267312,0.17134863267311928,0.17134863267311928,HIGH,True
Intermediate,Single sensor,11,10,DBH,Pre-TH-QC,0.206,0.2504728444126874,0.04447284441268742,0.04447284441268742,HIGH,
Intermediate,Single sensor,11,10,DBH,Post-QC,0.206,0.2504728444126874,0.04447284441268742,0.04447284441268742,HIGH,
Intermediate,Dual sensor,11,10,TH,Pre-TH-QC,22.0,22.22696579483873,0.2269657948387298,0.2269657948387298,HIGH,True
Intermediate,Dual sensor,11,10,TH,Post-QC,22.0,22.22696579483873,0.2269657948387298,0.2269657948387298,HIGH,True
Intermediate,Dual sensor,11,10,DBH,Pre-TH-QC,0.206,0.2311161105957516,0.025116110595751612,0.025116110595751612,HIGH,
Intermediate,Dual sensor,11,10,DBH,Post-QC,0.206,0.2311161105957516,0.025116110595751612,0.025116110595751612,HIGH,
Intermediate,Hovermap,11,10,TH,Pre-TH-QC,22.0,22.85304119407181,0.8530411940718103,0.8530411940718103,HIGH,True
Intermediate,Hovermap,11,10,TH,Post-QC,22.0,22.85304119407181,0.8530411940718103,0.8530411940718103,HIGH,True
Intermediate,Hovermap,11,10,DBH,Pre-TH-QC,0.206,0.2399648537186994,0.03396485371869942,0.03396485371869942,HIGH,
Intermediate,Hovermap,11,10,DBH,Post-QC,0.206,0.2399648537186994,0.03396485371869942,0.03396485371869942,HIGH,
Intermediate,Single sensor,14,16,TH,Pre-TH-QC,19.5,20.47052024174516,0.9705202417451595,0.9705202417451595,HIGH,False
Intermediate,Single sensor,14,16,DBH,Pre-TH-QC,0.233,0.2397513164208898,0.006751316420889775,0.006751316420889775,HIGH,
Intermediate,Single sensor,14,16,DBH,Post-QC,0.233,0.2397513164208898,0.006751316420889775,0.006751316420889775,HIGH,
Intermediate,Dual sensor,14,18,TH,Pre-TH-QC,19.5,21.09272579717775,1.5927257971777493,1.5927257971777493,HIGH,False
Intermediate,Dual sensor,14,18,DBH,Pre-TH-QC,0.233,0.2495650390711753,0.01656503907117529,0.01656503907117529,HIGH,
Intermediate,Dual sensor,14,18,DBH,Post-QC,0.233,0.2495650390711753,0.01656503907117529,0.01656503907117529,HIGH,
Intermediate,Hovermap,14,16,TH,Pre-TH-QC,19.5,21.47911690144468,1.97911690144468,1.97911690144468,HIGH,False
Intermediate,Hovermap,14,16,DBH,Pre-TH-QC,0.233,0.2425669749098248,0.009566974909824777,0.009566974909824777,HIGH,
Intermediate,Hovermap,14,16,DBH,Post-QC,0.233,0.2425669749098248,0.009566974909824777,0.009566974909824777,HIGH,
Intermediate,Single sensor,15,18,TH,Pre-TH-QC,19.8,19.3707059226088,-0.4292940773912015,0.4292940773912015,HIGH,False
Intermediate,Single sensor,15,18,DBH,Pre-TH-QC,0.257,0.257990437276198,0.0009904372761980196,0.0009904372761980196,HIGH,
Intermediate,Single sensor,15,18,DBH,Post-QC,0.257,0.257990437276198,0.0009904372761980196,0.0009904372761980196,HIGH,
Intermediate,Dual sensor,15,17,TH,Pre-TH-QC,19.8,20.69886826782712,0.8988682678271189,0.8988682678271189,HIGH,False
Intermediate,Dual sensor,15,17,DBH,Pre-TH-QC,0.257,0.2786268834470317,0.021626883447031675,0.021626883447031675,HIGH,
Intermediate,Dual sensor,15,17,DBH,Post-QC,0.257,0.2786268834470317,0.021626883447031675,0.021626883447031675,HIGH,
Intermediate,Hovermap,15,17,TH,Pre-TH-QC,19.8,20.78605153332396,0.986051533323959,0.986051533323959,HIGH,False
Intermediate,Hovermap,15,17,DBH,Pre-TH-QC,0.257,0.2687779539932508,0.011777953993250767,0.011777953993250767,HIGH,
Intermediate,Hovermap,15,17,DBH,Post-QC,0.257,0.2687779539932508,0.011777953993250767,0.011777953993250767,HIGH,
Intermediate,Single sensor,16,22,TH,Pre-TH-QC,18.0,18.37598934531226,0.37598934531225936,0.37598934531225936,HIGH,False
Intermediate,Single sensor,16,22,DBH,Pre-TH-QC,0.18,0.1883917013354862,0.008391701335486196,0.008391701335486196,HIGH,
Intermediate,Single sensor,16,22,DBH,Post-QC,0.18,0.1883917013354862,0.008391701335486196,0.008391701335486196,HIGH,
Intermediate,Dual sensor,16,23,TH,Pre-TH-QC,18.0,18.40355054929042,0.40355054929041856,0.40355054929041856,HIGH,False
Intermediate,Dual sensor,16,23,DBH,Pre-TH-QC,0.18,0.1900544724066481,0.010054472406648113,0.010054472406648113,HIGH,
Intermediate,Dual sensor,16,23,DBH,Post-QC,0.18,0.1900544724066481,0.010054472406648113,0.010054472406648113,HIGH,
Intermediate,Hovermap,16,22,TH,Pre-TH-QC,18.0,18.76734885427373,0.767348854273731,0.767348854273731,HIGH,False
Intermediate,Hovermap,16,22,DBH,Pre-TH-QC,0.18,0.1869517587702016,0.006951758770201599,0.006951758770201599,HIGH,
Intermediate,Hovermap,16,22,DBH,Post-QC,0.18,0.1869517587702016,0.006951758770201599,0.006951758770201599,HIGH,
Intermediate,Single sensor,17,19,TH,Pre-TH-QC,21.8,20.5397688851558,-1.2602311148441991,1.2602311148441991,HIGH,True
Intermediate,Single sensor,17,19,TH,Post-QC,21.8,20.5397688851558,-1.2602311148441991,1.2602311148441991,HIGH,True
Intermediate,Single sensor,17,19,DBH,Pre-TH-QC,0.339,0.3572224051200361,0.01822240512003609,0.01822240512003609,HIGH,
Intermediate,Single sensor,17,19,DBH,Post-QC,0.339,0.3572224051200361,0.01822240512003609,0.01822240512003609,HIGH,
Intermediate,Dual sensor,17,19,TH,Pre-TH-QC,21.8,20.7681793623845,-1.0318206376154997,1.0318206376154997,HIGH,True
Intermediate,Dual sensor,17,19,TH,Post-QC,21.8,20.7681793623845,-1.0318206376154997,1.0318206376154997,HIGH,True
Intermediate,Dual sensor,17,19,DBH,Pre-TH-QC,0.339,0.3643449431262827,0.02534494312628266,0.02534494312628266,HIGH,
Intermediate,Dual sensor,17,19,DBH,Post-QC,0.339,0.3643449431262827,0.02534494312628266,0.02534494312628266,HIGH,
Intermediate,Hovermap,17,19,TH,Pre-TH-QC,21.8,21.65642056311876,-0.14357943688123953,0.14357943688123953,HIGH,True
Intermediate,Hovermap,17,19,TH,Post-QC,21.8,21.65642056311876,-0.14357943688123953,0.14357943688123953,HIGH,True
Intermediate,Hovermap,17,19,DBH,Pre-TH-QC,0.339,0.3172885204198606,-0.021711479580139414,0.021711479580139414,HIGH,
Intermediate,Hovermap,17,19,DBH,Post-QC,0.339,0.3172885204198606,-0.021711479580139414,0.021711479580139414,HIGH,
Intermediate,Single sensor,19,21,TH,Pre-TH-QC,21.4,20.7896834197279,-0.610316580272098,0.610316580272098,HIGH,False
Intermediate,Single sensor,19,21,DBH,Pre-TH-QC,0.307,0.3484448338301929,0.04144483383019293,0.04144483383019293,HIGH,
Intermediate,Single sensor,19,21,DBH,Post-QC,0.307,0.3484448338301929,0.04144483383019293,0.04144483383019293,HIGH,
Intermediate,Dual sensor,19,22,TH,Pre-TH-QC,21.4,21.48306774711562,0.0830677471156207,0.0830677471156207,HIGH,False
Intermediate,Dual sensor,19,22,DBH,Pre-TH-QC,0.307,0.3644630817901416,0.05746308179014159,0.05746308179014159,HIGH,
Intermediate,Dual sensor,19,22,DBH,Post-QC,0.307,0.3644630817901416,0.05746308179014159,0.05746308179014159,HIGH,
Intermediate,Hovermap,19,21,TH,Pre-TH-QC,21.4,21.72628535888614,0.3262853588861425,0.3262853588861425,HIGH,False
Intermediate,Hovermap,19,21,DBH,Pre-TH-QC,0.307,0.3804135933794933,0.07341359337949332,0.07341359337949332,HIGH,
Intermediate,Hovermap,19,21,DBH,Post-QC,0.307,0.3804135933794933,0.07341359337949332,0.07341359337949332,HIGH,
Intermediate,Single sensor,20,23,TH,Pre-TH-QC,20.5,20.53910412673345,0.03910412673344865,0.03910412673344865,HIGH,True
Intermediate,Single sensor,20,23,TH,Post-QC,20.5,20.53910412673345,0.03910412673344865,0.03910412673344865,HIGH,True
Intermediate,Single sensor,20,23,DBH,Pre-TH-QC,0.349,0.3616747799760964,0.01267477997609645,0.01267477997609645,HIGH,
Intermediate,Single sensor,20,23,DBH,Post-QC,0.349,0.3616747799760964,0.01267477997609645,0.01267477997609645,HIGH,
Intermediate,Dual sensor,20,24,TH,Pre-TH-QC,20.5,20.38949682703404,-0.11050317296595935,0.11050317296595935,HIGH,True
Intermediate,Dual sensor,20,24,TH,Post-QC,20.5,20.38949682703404,-0.11050317296595935,0.11050317296595935,HIGH,True
Intermediate,Dual sensor,20,24,DBH,Pre-TH-QC,0.349,0.3648532317889695,0.015853231788969524,0.015853231788969524,HIGH,
Intermediate,Dual sensor,20,24,DBH,Post-QC,0.349,0.3648532317889695,0.015853231788969524,0.015853231788969524,HIGH,
Intermediate,Hovermap,20,23,TH,Pre-TH-QC,20.5,21.4194860194838,0.9194860194837986,0.9194860194837986,HIGH,True
Intermediate,Hovermap,20,23,TH,Post-QC,20.5,21.4194860194838,0.9194860194837986,0.9194860194837986,HIGH,True
Intermediate,Hovermap,20,23,DBH,Pre-TH-QC,0.349,0.3349108360670851,-0.014089163932914872,0.014089163932914872,HIGH,
Intermediate,Hovermap,20,23,DBH,Post-QC,0.349,0.3349108360670851,-0.014089163932914872,0.014089163932914872,HIGH,
Intermediate,Single sensor,22,15,TH,Pre-TH-QC,21.3,22.53048254341431,1.2304825434143076,1.2304825434143076,HIGH,True
Intermediate,Single sensor,22,15,TH,Post-QC,21.3,22.53048254341431,1.2304825434143076,1.2304825434143076,HIGH,True
Intermediate,Single sensor,22,15,DBH,Pre-TH-QC,0.325,0.3284338772108373,0.003433877210837266,0.003433877210837266,HIGH,
Intermediate,Single sensor,22,15,DBH,Post-QC,0.325,0.3284338772108373,0.003433877210837266,0.003433877210837266,HIGH,
Intermediate,Dual sensor,22,16,TH,Pre-TH-QC,21.3,22.65308261868543,1.3530826186854306,1.3530826186854306,HIGH,True
Intermediate,Dual sensor,22,16,TH,Post-QC,21.3,22.65308261868543,1.3530826186854306,1.3530826186854306,HIGH,True
Intermediate,Dual sensor,22,16,DBH,Pre-TH-QC,0.325,0.3453775038230652,0.02037750382306519,0.02037750382306519,HIGH,
Intermediate,Dual sensor,22,16,DBH,Post-QC,0.325,0.3453775038230652,0.02037750382306519,0.02037750382306519,HIGH,
Intermediate,Hovermap,22,15,TH,Pre-TH-QC,21.3,23.31387900326293,2.013879003262929,2.013879003262929,HIGH,True
Intermediate,Hovermap,22,15,TH,Post-QC,21.3,23.31387900326293,2.013879003262929,2.013879003262929,HIGH,True
Intermediate,Hovermap,22,15,DBH,Pre-TH-QC,0.325,0.3539235853180208,0.028923585318020806,0.028923585318020806,HIGH,
Intermediate,Hovermap,22,15,DBH,Post-QC,0.325,0.3539235853180208,0.028923585318020806,0.028923585318020806,HIGH,
Intermediate,Single sensor,23,17,TH,Pre-TH-QC,19.7,21.45420229767706,1.754202297677061,1.754202297677061,HIGH,False
Intermediate,Single sensor,23,17,DBH,Pre-TH-QC,0.278,0.3251223079932623,0.04712230799326228,0.04712230799326228,HIGH,
Intermediate,Single sensor,23,17,DBH,Post-QC,0.278,0.3251223079932623,0.04712230799326228,0.04712230799326228,HIGH,
Intermediate,Dual sensor,23,20,TH,Pre-TH-QC,19.7,21.8762411003539,2.176241100353902,2.176241100353902,HIGH,False
Intermediate,Dual sensor,23,20,DBH,Pre-TH-QC,0.278,0.3199719774979611,0.041971977497961055,0.041971977497961055,HIGH,
Intermediate,Dual sensor,23,20,DBH,Post-QC,0.278,0.3199719774979611,0.041971977497961055,0.041971977497961055,HIGH,
Intermediate,Hovermap,23,18,TH,Pre-TH-QC,19.7,22.68157568780724,2.98157568780724,2.98157568780724,HIGH,False
Intermediate,Hovermap,23,18,DBH,Pre-TH-QC,0.278,0.3131751615112873,0.0351751615112873,0.0351751615112873,HIGH,
Intermediate,Hovermap,23,18,DBH,Post-QC,0.278,0.3131751615112873,0.0351751615112873,0.0351751615112873,HIGH,
Intermediate,Single sensor,25,20,TH,Pre-TH-QC,18.3,20.1417307221057,1.841730722105698,1.841730722105698,HIGH,True
Intermediate,Single sensor,25,20,TH,Post-QC,18.3,20.1417307221057,1.841730722105698,1.841730722105698,HIGH,True
Intermediate,Single sensor,25,20,DBH,Pre-TH-QC,0.258,0.3012578070494967,0.043257807049496666,0.043257807049496666,HIGH,
Intermediate,Single sensor,25,20,DBH,Post-QC,0.258,0.3012578070494967,0.043257807049496666,0.043257807049496666,HIGH,
Intermediate,Dual sensor,25,21,TH,Pre-TH-QC,18.3,19.95646337824629,1.6564633782462899,1.6564633782462899,HIGH,True
Intermediate,Dual sensor,25,21,TH,Post-QC,18.3,19.95646337824629,1.6564633782462899,1.6564633782462899,HIGH,True
Intermediate,Dual sensor,25,21,DBH,Pre-TH-QC,0.258,0.2901884513279337,0.03218845132793369,0.03218845132793369,HIGH,
Intermediate,Dual sensor,25,21,DBH,Post-QC,0.258,0.2901884513279337,0.03218845132793369,0.03218845132793369,HIGH,
Intermediate,Hovermap,25,20,TH,Pre-TH-QC,18.3,20.18621085641803,1.8862108564180282,1.8862108564180282,HIGH,True
Intermediate,Hovermap,25,20,TH,Post-QC,18.3,20.18621085641803,1.8862108564180282,1.8862108564180282,HIGH,True
Intermediate,Hovermap,25,20,DBH,Pre-TH-QC,0.258,0.2973587266716135,0.0393587266716135,0.0393587266716135,HIGH,
Intermediate,Hovermap,25,20,DBH,Post-QC,0.258,0.2973587266716135,0.0393587266716135,0.0393587266716135,HIGH,
Intermediate,Single sensor,26,14,TH,Pre-TH-QC,17.3,18.9777210497142,1.6777210497142008,1.6777210497142008,HIGH,True
Intermediate,Single sensor,26,14,TH,Post-QC,17.3,18.9777210497142,1.6777210497142008,1.6777210497142008,HIGH,True
Intermediate,Dual sensor,26,15,TH,Pre-TH-QC,17.3,18.71533282436484,1.4153328243648389,1.4153328243648389,HIGH,True
Intermediate,Dual sensor,26,15,TH,Post-QC,17.3,18.71533282436484,1.4153328243648389,1.4153328243648389,HIGH,True
Intermediate,Hovermap,26,14,TH,Pre-TH-QC,17.3,19.03007746931073,1.7300774693107286,1.7300774693107286,HIGH,True
Intermediate,Hovermap,26,14,TH,Post-QC,17.3,19.03007746931073,1.7300774693107286,1.7300774693107286,HIGH,True
Intermediate,Single sensor,27,4,TH,Pre-TH-QC,21.2,20.0604515136006,-1.1395484863993985,1.1395484863993985,HIGH,True
Intermediate,Single sensor,27,4,TH,Post-QC,21.2,20.0604515136006,-1.1395484863993985,1.1395484863993985,HIGH,True
Intermediate,Single sensor,27,4,DBH,Pre-TH-QC,0.325,0.3320263116108544,0.007026311610854374,0.007026311610854374,HIGH,
Intermediate,Single sensor,27,4,DBH,Post-QC,0.325,0.3320263116108544,0.007026311610854374,0.007026311610854374,HIGH,
Intermediate,Dual sensor,27,4,TH,Pre-TH-QC,21.2,20.07555696674426,-1.1244430332557407,1.1244430332557407,HIGH,True
Intermediate,Dual sensor,27,4,TH,Post-QC,21.2,20.07555696674426,-1.1244430332557407,1.1244430332557407,HIGH,True
Intermediate,Dual sensor,27,4,DBH,Pre-TH-QC,0.325,0.3402123357489185,0.015212335748918504,0.015212335748918504,HIGH,
Intermediate,Dual sensor,27,4,DBH,Post-QC,0.325,0.3402123357489185,0.015212335748918504,0.015212335748918504,HIGH,
Intermediate,Hovermap,27,4,TH,Pre-TH-QC,21.2,20.42367485883126,-0.7763251411687406,0.7763251411687406,HIGH,True
Intermediate,Hovermap,27,4,TH,Post-QC,21.2,20.42367485883126,-0.7763251411687406,0.7763251411687406,HIGH,True
Intermediate,Hovermap,27,4,DBH,Pre-TH-QC,0.325,0.3399443129111466,0.014944312911146562,0.014944312911146562,HIGH,
Intermediate,Hovermap,27,4,DBH,Post-QC,0.325,0.3399443129111466,0.014944312911146562,0.014944312911146562,HIGH,
Intermediate,Single sensor,28,7,TH,Pre-TH-QC,19.8,19.34346716905928,-0.45653283094071995,0.45653283094071995,HIGH,False
Intermediate,Single sensor,28,7,DBH,Pre-TH-QC,0.263,0.273774348094549,0.010774348094548969,0.010774348094548969,HIGH,
Intermediate,Single sensor,28,7,DBH,Post-QC,0.263,0.273774348094549,0.010774348094548969,0.010774348094548969,HIGH,
Intermediate,Dual sensor,28,7,TH,Pre-TH-QC,19.8,19.44067929841155,-0.35932070158845164,0.35932070158845164,HIGH,False
Intermediate,Dual sensor,28,7,DBH,Pre-TH-QC,0.263,0.2806664971729556,0.017666497172955598,0.017666497172955598,HIGH,
Intermediate,Dual sensor,28,7,DBH,Post-QC,0.263,0.2806664971729556,0.017666497172955598,0.017666497172955598,HIGH,
Intermediate,Hovermap,28,8,TH,Pre-TH-QC,19.8,19.60279957439798,-0.1972004256020199,0.1972004256020199,HIGH,False
Intermediate,Hovermap,28,8,DBH,Pre-TH-QC,0.263,0.2781921859969157,0.015192185996915686,0.015192185996915686,HIGH,
Intermediate,Hovermap,28,8,DBH,Post-QC,0.263,0.2781921859969157,0.015192185996915686,0.015192185996915686,HIGH,
Intermediate,Single sensor,29,13,TH,Pre-TH-QC,17.2,19.77171537235589,2.5717153723558894,2.5717153723558894,HIGH,False
Intermediate,Single sensor,29,13,DBH,Pre-TH-QC,0.212,0.2312378499242269,0.01923784992422692,0.01923784992422692,HIGH,
Intermediate,Single sensor,29,13,DBH,Post-QC,0.212,0.2312378499242269,0.01923784992422692,0.01923784992422692,HIGH,
Intermediate,Dual sensor,29,13,TH,Pre-TH-QC,17.2,19.76579855746156,2.5657985574615623,2.5657985574615623,HIGH,False
Intermediate,Dual sensor,29,13,DBH,Pre-TH-QC,0.212,0.2124467835182234,0.0004467835182234148,0.0004467835182234148,HIGH,
Intermediate,Dual sensor,29,13,DBH,Post-QC,0.212,0.2124467835182234,0.0004467835182234148,0.0004467835182234148,HIGH,
Intermediate,Hovermap,29,13,TH,Pre-TH-QC,17.2,20.5153307142921,3.3153307142921022,3.3153307142921022,HIGH,False
Intermediate,Hovermap,29,13,DBH,Pre-TH-QC,0.212,0.2291482119469066,0.017148211946906605,0.017148211946906605,HIGH,
Intermediate,Hovermap,29,13,DBH,Post-QC,0.212,0.2291482119469066,0.017148211946906605,0.017148211946906605,HIGH,
Intermediate,Single sensor,30,12,TH,Pre-TH-QC,19.4,19.33240460239227,-0.06759539760772881,0.06759539760772881,HIGH,True
Intermediate,Single sensor,30,12,TH,Post-QC,19.4,19.33240460239227,-0.06759539760772881,0.06759539760772881,HIGH,True
Intermediate,Single sensor,30,12,DBH,Pre-TH-QC,0.191,0.1937320532928697,0.002732053292869685,0.002732053292869685,HIGH,
Intermediate,Single sensor,30,12,DBH,Post-QC,0.191,0.1937320532928697,0.002732053292869685,0.002732053292869685,HIGH,
Intermediate,Dual sensor,30,11,TH,Pre-TH-QC,19.4,19.76307195370955,0.36307195370955014,0.36307195370955014,HIGH,True
Intermediate,Dual sensor,30,11,TH,Post-QC,19.4,19.76307195370955,0.36307195370955014,0.36307195370955014,HIGH,True
Intermediate,Dual sensor,30,11,DBH,Pre-TH-QC,0.191,0.2013250476333976,0.010325047633397588,0.010325047633397588,HIGH,
Intermediate,Dual sensor,30,11,DBH,Post-QC,0.191,0.2013250476333976,0.010325047633397588,0.010325047633397588,HIGH,
Intermediate,Hovermap,30,12,TH,Pre-TH-QC,19.4,19.984896913197,0.584896913197003,0.584896913197003,HIGH,True
Intermediate,Hovermap,30,12,TH,Post-QC,19.4,19.984896913197,0.584896913197003,0.584896913197003,HIGH,True
Intermediate,Hovermap,30,12,DBH,Pre-TH-QC,0.191,0.2002288647686983,0.009228864768698303,0.009228864768698303,HIGH,
Intermediate,Hovermap,30,12,DBH,Post-QC,0.191,0.2002288647686983,0.009228864768698303,0.009228864768698303,HIGH,
Intermediate,Single sensor,34,1,TH,Pre-TH-QC,22.8,21.99074681254828,-0.8092531874517199,0.8092531874517199,HIGH,True
Intermediate,Single sensor,34,1,TH,Post-QC,22.8,21.99074681254828,-0.8092531874517199,0.8092531874517199,HIGH,True
Intermediate,Single sensor,34,1,DBH,Pre-TH-QC,0.365,0.3764075692177261,0.011407569217726121,0.011407569217726121,HIGH,
Intermediate,Single sensor,34,1,DBH,Post-QC,0.365,0.3764075692177261,0.011407569217726121,0.011407569217726121,HIGH,
Intermediate,Dual sensor,34,2,TH,Pre-TH-QC,22.8,22.46790159352364,-0.33209840647636213,0.33209840647636213,HIGH,True
Intermediate,Dual sensor,34,2,TH,Post-QC,22.8,22.46790159352364,-0.33209840647636213,0.33209840647636213,HIGH,True
Intermediate,Dual sensor,34,2,DBH,Pre-TH-QC,0.365,0.3802873862914099,0.01528738629140991,0.01528738629140991,HIGH,
Intermediate,Dual sensor,34,2,DBH,Post-QC,0.365,0.3802873862914099,0.01528738629140991,0.01528738629140991,HIGH,
Intermediate,Hovermap,34,2,TH,Pre-TH-QC,22.8,22.15147737752901,-0.6485226224709919,0.6485226224709919,HIGH,True
Intermediate,Hovermap,34,2,TH,Post-QC,22.8,22.15147737752901,-0.6485226224709919,0.6485226224709919,HIGH,True
Intermediate,Hovermap,34,2,DBH,Pre-TH-QC,0.365,0.3786722579418879,0.013672257941887922,0.013672257941887922,HIGH,
Intermediate,Hovermap,34,2,DBH,Post-QC,0.365,0.3786722579418879,0.013672257941887922,0.013672257941887922,HIGH,
Challenging,Single sensor,1,25,TH,Pre-TH-QC,26.6,25.55371180085649,-1.0462881991435111,1.0462881991435111,HIGH,False
Challenging,Single sensor,1,25,DBH,Pre-TH-QC,0.379,0.3929851270244376,0.013985127024437605,0.013985127024437605,HIGH,
Challenging,Single sensor,1,25,DBH,Post-QC,0.379,0.3929851270244376,0.013985127024437605,0.013985127024437605,HIGH,
Challenging,Dual sensor,1,29,TH,Pre-TH-QC,26.6,24.59788706440515,-2.0021129355948517,2.0021129355948517,HIGH,False
Challenging,Dual sensor,1,29,DBH,Pre-TH-QC,0.379,0.384362910674294,0.005362910674294008,0.005362910674294008,HIGH,
Challenging,Dual sensor,1,29,DBH,Post-QC,0.379,0.384362910674294,0.005362910674294008,0.005362910674294008,HIGH,
Challenging,Hovermap,1,29,TH,Pre-TH-QC,26.6,25.4887526890112,-1.1112473109888015,1.1112473109888015,HIGH,False
Challenging,Hovermap,1,29,DBH,Pre-TH-QC,0.379,0.392807445786166,0.013807445786165995,0.013807445786165995,HIGH,
Challenging,Hovermap,1,29,DBH,Post-QC,0.379,0.392807445786166,0.013807445786165995,0.013807445786165995,HIGH,
Challenging,Single sensor,2,26,TH,Pre-TH-QC,26.4,25.95295623442875,-0.44704376557124803,0.44704376557124803,HIGH,True
Challenging,Single sensor,2,26,TH,Post-QC,26.4,25.95295623442875,-0.44704376557124803,0.44704376557124803,HIGH,True
Challenging,Single sensor,2,26,DBH,Pre-TH-QC,0.31,0.3393729580839066,0.02937295808390661,0.02937295808390661,HIGH,
Challenging,Single sensor,2,26,DBH,Post-QC,0.31,0.3393729580839066,0.02937295808390661,0.02937295808390661,HIGH,
Challenging,Dual sensor,2,28,TH,Pre-TH-QC,26.4,26.43828381721548,0.038283817215482685,0.038283817215482685,HIGH,True
Challenging,Dual sensor,2,28,TH,Post-QC,26.4,26.43828381721548,0.038283817215482685,0.038283817215482685,HIGH,True
Challenging,Dual sensor,2,28,DBH,Pre-TH-QC,0.31,0.3354227495196103,0.02542274951961032,0.02542274951961032,HIGH,
Challenging,Dual sensor,2,28,DBH,Post-QC,0.31,0.3354227495196103,0.02542274951961032,0.02542274951961032,HIGH,
Challenging,Hovermap,2,28,TH,Pre-TH-QC,26.4,26.5562746484044,0.15627464840440197,0.15627464840440197,HIGH,True
Challenging,Hovermap,2,28,TH,Post-QC,26.4,26.5562746484044,0.15627464840440197,0.15627464840440197,HIGH,True
Challenging,Hovermap,2,28,DBH,Pre-TH-QC,0.31,0.334936552502016,0.024936552502015985,0.024936552502015985,HIGH,
Challenging,Hovermap,2,28,DBH,Post-QC,0.31,0.334936552502016,0.024936552502015985,0.024936552502015985,HIGH,
Challenging,Single sensor,3,19,TH,Pre-TH-QC,27.0,23.63130652899088,-3.36869347100912,3.36869347100912,HIGH,True
Challenging,Single sensor,3,19,TH,Post-QC,27.0,23.63130652899088,-3.36869347100912,3.36869347100912,HIGH,True
Challenging,Single sensor,3,19,DBH,Pre-TH-QC,0.262,0.2724593913911512,0.010459391391151207,0.010459391391151207,HIGH,
Challenging,Single sensor,3,19,DBH,Post-QC,0.262,0.2724593913911512,0.010459391391151207,0.010459391391151207,HIGH,
Challenging,Dual sensor,3,25,TH,Pre-TH-QC,27.0,24.83018609214253,-2.1698139078574705,2.1698139078574705,HIGH,True
Challenging,Dual sensor,3,25,TH,Post-QC,27.0,24.83018609214253,-2.1698139078574705,2.1698139078574705,HIGH,True
Challenging,Dual sensor,3,25,DBH,Pre-TH-QC,0.262,0.275115513349364,0.013115513349364005,0.013115513349364005,HIGH,
Challenging,Dual sensor,3,25,DBH,Post-QC,0.262,0.275115513349364,0.013115513349364005,0.013115513349364005,HIGH,
Challenging,Hovermap,3,23,TH,Pre-TH-QC,27.0,25.5489381985754,-1.4510618014246006,1.4510618014246006,HIGH,True
Challenging,Hovermap,3,23,TH,Post-QC,27.0,25.5489381985754,-1.4510618014246006,1.4510618014246006,HIGH,True
Challenging,Hovermap,3,23,DBH,Pre-TH-QC,0.262,0.27664851366177,0.014648513661770002,0.014648513661770002,HIGH,
Challenging,Hovermap,3,23,DBH,Post-QC,0.262,0.27664851366177,0.014648513661770002,0.014648513661770002,HIGH,
Challenging,Single sensor,5,27,TH,Pre-TH-QC,9.4,23.7071751324825,14.3071751324825,14.3071751324825,HIGH,False
Challenging,Single sensor,5,27,DBH,Pre-TH-QC,0.089,0.1466040287636955,0.0576040287636955,0.0576040287636955,HIGH,
Challenging,Single sensor,5,27,DBH,Post-QC,0.089,0.1466040287636955,0.0576040287636955,0.0576040287636955,HIGH,
Challenging,Dual sensor,5,30,TH,Pre-TH-QC,9.4,23.75781739537799,14.35781739537799,14.35781739537799,HIGH,False
Challenging,Dual sensor,5,30,DBH,Pre-TH-QC,0.089,0.1210063459371726,0.03200634593717261,0.03200634593717261,HIGH,
Challenging,Dual sensor,5,30,DBH,Post-QC,0.089,0.1210063459371726,0.03200634593717261,0.03200634593717261,HIGH,
Challenging,Hovermap,5,30,TH,Pre-TH-QC,9.4,25.4292593832689,16.0292593832689,16.0292593832689,HIGH,False
Challenging,Hovermap,5,30,DBH,Pre-TH-QC,0.089,0.117017164909658,0.028017164909658,0.028017164909658,HIGH,
Challenging,Hovermap,5,30,DBH,Post-QC,0.089,0.117017164909658,0.028017164909658,0.028017164909658,HIGH,
Challenging,Single sensor,6,22,TH,Pre-TH-QC,26.1,26.15067686829148,0.05067686829147888,0.05067686829147888,HIGH,True
Challenging,Single sensor,6,22,TH,Post-QC,26.1,26.15067686829148,0.05067686829147888,0.05067686829147888,HIGH,True
Challenging,Single sensor,6,22,DBH,Pre-TH-QC,0.425,0.4769553705353858,0.05195537053538579,0.05195537053538579,HIGH,
Challenging,Single sensor,6,22,DBH,Post-QC,0.425,0.4769553705353858,0.05195537053538579,0.05195537053538579,HIGH,
Challenging,Dual sensor,6,24,TH,Pre-TH-QC,26.1,25.01148948114595,-1.0885105188540507,1.0885105188540507,HIGH,True
Challenging,Dual sensor,6,24,TH,Post-QC,26.1,25.01148948114595,-1.0885105188540507,1.0885105188540507,HIGH,True
Challenging,Dual sensor,6,24,DBH,Pre-TH-QC,0.425,0.4600141595235485,0.03501415952354853,0.03501415952354853,HIGH,
Challenging,Dual sensor,6,24,DBH,Post-QC,0.425,0.4600141595235485,0.03501415952354853,0.03501415952354853,HIGH,
Challenging,Hovermap,6,25,TH,Pre-TH-QC,26.1,26.5190241966968,0.4190241966967996,0.4190241966967996,HIGH,True
Challenging,Hovermap,6,25,TH,Post-QC,26.1,26.5190241966968,0.4190241966967996,0.4190241966967996,HIGH,True
Challenging,Hovermap,6,25,DBH,Pre-TH-QC,0.425,0.459210992831951,0.034210992831951004,0.034210992831951004,HIGH,
Challenging,Hovermap,6,25,DBH,Post-QC,0.425,0.459210992831951,0.034210992831951004,0.034210992831951004,HIGH,
Challenging,Single sensor,8,16,TH,Pre-TH-QC,28.4,23.32328487418658,-5.076715125813418,5.076715125813418,HIGH,True
Challenging,Single sensor,8,16,TH,Post-QC,28.4,23.32328487418658,-5.076715125813418,5.076715125813418,HIGH,True
Challenging,Single sensor,8,16,DBH,Pre-TH-QC,0.392,0.4475494653235814,0.055549465323581404,0.055549465323581404,HIGH,
Challenging,Single sensor,8,16,DBH,Post-QC,0.392,0.4475494653235814,0.055549465323581404,0.055549465323581404,HIGH,
Challenging,Dual sensor,8,21,TH,Pre-TH-QC,28.4,23.12391861387243,-5.276081386127569,5.276081386127569,HIGH,True
Challenging,Dual sensor,8,21,TH,Post-QC,28.4,23.12391861387243,-5.276081386127569,5.276081386127569,HIGH,True
Challenging,Dual sensor,8,21,DBH,Pre-TH-QC,0.392,0.4975557470073035,0.10555574700730347,0.10555574700730347,HIGH,
Challenging,Dual sensor,8,21,DBH,Post-QC,0.392,0.4975557470073035,0.10555574700730347,0.10555574700730347,HIGH,
Challenging,Hovermap,8,20,TH,Pre-TH-QC,28.4,23.4961243110306,-4.9038756889694,4.9038756889694,HIGH,True
Challenging,Hovermap,8,20,TH,Post-QC,28.4,23.4961243110306,-4.9038756889694,4.9038756889694,HIGH,True
Challenging,Hovermap,8,20,DBH,Pre-TH-QC,0.392,0.430465185005031,0.03846518500503099,0.03846518500503099,HIGH,
Challenging,Hovermap,8,20,DBH,Post-QC,0.392,0.430465185005031,0.03846518500503099,0.03846518500503099,HIGH,
Challenging,Single sensor,9,14,TH,Pre-TH-QC,25.1,22.77134138276383,-2.3286586172361723,2.3286586172361723,HIGH,True
Challenging,Single sensor,9,14,TH,Post-QC,25.1,22.77134138276383,-2.3286586172361723,2.3286586172361723,HIGH,True
Challenging,Single sensor,9,14,DBH,Pre-TH-QC,0.355,0.3720876609712425,0.017087660971242535,0.017087660971242535,HIGH,
Challenging,Single sensor,9,14,DBH,Post-QC,0.355,0.3720876609712425,0.017087660971242535,0.017087660971242535,HIGH,
Challenging,Dual sensor,9,15,TH,Pre-TH-QC,25.1,25.46773260035001,0.3677326003500099,0.3677326003500099,HIGH,True
Challenging,Dual sensor,9,15,TH,Post-QC,25.1,25.46773260035001,0.3677326003500099,0.3677326003500099,HIGH,True
Challenging,Dual sensor,9,15,DBH,Pre-TH-QC,0.355,0.3770568923913736,0.022056892391373595,0.022056892391373595,HIGH,
Challenging,Dual sensor,9,15,DBH,Post-QC,0.355,0.3770568923913736,0.022056892391373595,0.022056892391373595,HIGH,
Challenging,Hovermap,9,16,TH,Pre-TH-QC,25.1,26.0710009801581,0.9710009801580988,0.9710009801580988,HIGH,True
Challenging,Hovermap,9,16,TH,Post-QC,25.1,26.0710009801581,0.9710009801580988,0.9710009801580988,HIGH,True
Challenging,Hovermap,9,16,DBH,Pre-TH-QC,0.355,0.367845371373803,0.012845371373803038,0.012845371373803038,HIGH,
Challenging,Hovermap,9,16,DBH,Post-QC,0.355,0.367845371373803,0.012845371373803038,0.012845371373803038,HIGH,
Challenging,Single sensor,13,2,TH,Pre-TH-QC,21.3,21.88514545061229,0.5851454506122877,0.5851454506122877,HIGH,False
Challenging,Single sensor,13,2,DBH,Pre-TH-QC,0.159,0.1788149542147684,0.019814954214768393,0.019814954214768393,HIGH,
Challenging,Single sensor,13,2,DBH,Post-QC,0.159,0.1788149542147684,0.019814954214768393,0.019814954214768393,HIGH,
Challenging,Dual sensor,13,11,TH,Pre-TH-QC,21.3,23.9946719011836,2.6946719011836002,2.6946719011836002,HIGH,False
Challenging,Dual sensor,13,11,DBH,Pre-TH-QC,0.159,0.1766843425351999,0.017684342535199904,0.017684342535199904,HIGH,
Challenging,Dual sensor,13,11,DBH,Post-QC,0.159,0.1766843425351999,0.017684342535199904,0.017684342535199904,HIGH,
Challenging,Hovermap,13,1,TH,Pre-TH-QC,21.3,10.244043362392,-11.055956637608,11.055956637608,HIGH,False
Challenging,Hovermap,13,1,DBH,Pre-TH-QC,0.159,0.180300179011076,0.021300179011076004,0.021300179011076004,HIGH,
Challenging,Hovermap,13,1,DBH,Post-QC,0.159,0.180300179011076,0.021300179011076004,0.021300179011076004,HIGH,
Challenging,Single sensor,14,4,TH,Pre-TH-QC,24.7,24.78371521580323,0.08371521580323105,0.08371521580323105,HIGH,True
Challenging,Single sensor,14,4,TH,Post-QC,24.7,24.78371521580323,0.08371521580323105,0.08371521580323105,HIGH,True
Challenging,Single sensor,14,4,DBH,Pre-TH-QC,0.41,0.4112047885678457,0.001204788567845727,0.001204788567845727,HIGH,
Challenging,Single sensor,14,4,DBH,Post-QC,0.41,0.4112047885678457,0.001204788567845727,0.001204788567845727,HIGH,
Challenging,Dual sensor,14,3,TH,Pre-TH-QC,24.7,25.7658569348752,1.0658569348751996,1.0658569348751996,HIGH,True
Challenging,Dual sensor,14,3,TH,Post-QC,24.7,25.7658569348752,1.0658569348751996,1.0658569348751996,HIGH,True
Challenging,Dual sensor,14,3,DBH,Pre-TH-QC,0.41,0.402493843292944,-0.007506156707055955,0.007506156707055955,HIGH,
Challenging,Dual sensor,14,3,DBH,Post-QC,0.41,0.402493843292944,-0.007506156707055955,0.007506156707055955,HIGH,
Challenging,Hovermap,14,5,TH,Pre-TH-QC,24.7,26.3267422765458,1.6267422765458015,1.6267422765458015,HIGH,True
Challenging,Hovermap,14,5,TH,Post-QC,24.7,26.3267422765458,1.6267422765458015,1.6267422765458015,HIGH,True
Challenging,Hovermap,14,5,DBH,Pre-TH-QC,0.41,0.410356462792057,0.0003564627920570329,0.0003564627920570329,HIGH,
Challenging,Hovermap,14,5,DBH,Post-QC,0.41,0.410356462792057,0.0003564627920570329,0.0003564627920570329,HIGH,
Challenging,Single sensor,16,15,TH,Pre-TH-QC,27.0,23.49536733152035,-3.504632668479651,3.504632668479651,HIGH,True
Challenging,Single sensor,16,15,TH,Post-QC,27.0,23.49536733152035,-3.504632668479651,3.504632668479651,HIGH,True
Challenging,Single sensor,16,15,DBH,Pre-TH-QC,0.28,0.3107082994905211,0.030708299490521063,0.030708299490521063,HIGH,
Challenging,Single sensor,16,15,DBH,Post-QC,0.28,0.3107082994905211,0.030708299490521063,0.030708299490521063,HIGH,
Challenging,Dual sensor,16,16,TH,Pre-TH-QC,27.0,21.96471807495474,-5.035281925045261,5.035281925045261,HIGH,True
Challenging,Dual sensor,16,16,TH,Post-QC,27.0,21.96471807495474,-5.035281925045261,5.035281925045261,HIGH,True
Challenging,Dual sensor,16,16,DBH,Pre-TH-QC,0.28,0.312491486204031,0.03249148620403097,0.03249148620403097,HIGH,
Challenging,Dual sensor,16,16,DBH,Post-QC,0.28,0.312491486204031,0.03249148620403097,0.03249148620403097,HIGH,
Challenging,Hovermap,16,17,TH,Pre-TH-QC,27.0,23.593856979511,-3.406143020489001,3.406143020489001,HIGH,True
Challenging,Hovermap,16,17,TH,Post-QC,27.0,23.593856979511,-3.406143020489001,3.406143020489001,HIGH,True
Challenging,Hovermap,16,17,DBH,Pre-TH-QC,0.28,0.312224735506382,0.032224735506381996,0.032224735506381996,HIGH,
Challenging,Hovermap,16,17,DBH,Post-QC,0.28,0.312224735506382,0.032224735506381996,0.032224735506381996,HIGH,
Challenging,Single sensor,18,1,TH,Pre-TH-QC,20.6,19.32515429526752,-1.2748457047324813,1.2748457047324813,HIGH,True
Challenging,Single sensor,18,1,TH,Post-QC,20.6,19.32515429526752,-1.2748457047324813,1.2748457047324813,HIGH,True
Challenging,Single sensor,18,1,DBH,Pre-TH-QC,0.221,0.2421485820037796,0.021148582003779587,0.021148582003779587,HIGH,
Challenging,Single sensor,18,1,DBH,Post-QC,0.221,0.2421485820037796,0.021148582003779587,0.021148582003779587,HIGH,
Challenging,Dual sensor,18,2,TH,Pre-TH-QC,20.6,20.17447862492743,-0.42552137507257015,0.42552137507257015,HIGH,True
Challenging,Dual sensor,18,2,TH,Post-QC,20.6,20.17447862492743,-0.42552137507257015,0.42552137507257015,HIGH,True
Challenging,Dual sensor,18,2,DBH,Pre-TH-QC,0.221,0.2467490347477151,0.02574903474771509,0.02574903474771509,HIGH,
Challenging,Dual sensor,18,2,DBH,Post-QC,0.221,0.2467490347477151,0.02574903474771509,0.02574903474771509,HIGH,
Challenging,Hovermap,18,2,TH,Pre-TH-QC,20.6,20.471174262632,-0.1288257373680004,0.1288257373680004,HIGH,True
Challenging,Hovermap,18,2,TH,Post-QC,20.6,20.471174262632,-0.1288257373680004,0.1288257373680004,HIGH,True
Challenging,Hovermap,18,2,DBH,Pre-TH-QC,0.221,0.238607077234562,0.017607077234562007,0.017607077234562007,HIGH,
Challenging,Hovermap,18,2,DBH,Post-QC,0.221,0.238607077234562,0.017607077234562007,0.017607077234562007,HIGH,
Challenging,Single sensor,19,10,TH,Pre-TH-QC,28.5,25.2048608556776,-3.2951391443223983,3.2951391443223983,HIGH,True
Challenging,Single sensor,19,10,TH,Post-QC,28.5,25.2048608556776,-3.2951391443223983,3.2951391443223983,HIGH,True
Challenging,Single sensor,19,10,DBH,Pre-TH-QC,0.32,0.343267440518177,0.023267440518176974,0.023267440518176974,HIGH,
Challenging,Single sensor,19,10,DBH,Post-QC,0.32,0.343267440518177,0.023267440518176974,0.023267440518176974,HIGH,
Challenging,Dual sensor,19,6,TH,Pre-TH-QC,28.5,25.05045881770254,-3.449541182297459,3.449541182297459,HIGH,True
Challenging,Dual sensor,19,6,TH,Post-QC,28.5,25.05045881770254,-3.449541182297459,3.449541182297459,HIGH,True
Challenging,Dual sensor,19,6,DBH,Pre-TH-QC,0.32,0.346970120371653,0.026970120371652972,0.026970120371652972,HIGH,
Challenging,Dual sensor,19,6,DBH,Post-QC,0.32,0.346970120371653,0.026970120371652972,0.026970120371652972,HIGH,
Challenging,Hovermap,19,9,TH,Pre-TH-QC,28.5,25.3669403305913,-3.1330596694086985,3.1330596694086985,HIGH,True
Challenging,Hovermap,19,9,TH,Post-QC,28.5,25.3669403305913,-3.1330596694086985,3.1330596694086985,HIGH,True
Challenging,Hovermap,19,9,DBH,Pre-TH-QC,0.32,0.329156741650749,0.009156741650748979,0.009156741650748979,HIGH,
Challenging,Hovermap,19,9,DBH,Post-QC,0.32,0.329156741650749,0.009156741650748979,0.009156741650748979,HIGH,
Challenging,Single sensor,20,11,TH,Pre-TH-QC,23.3,23.52228838433703,0.22228838433703046,0.22228838433703046,HIGH,True
Challenging,Single sensor,20,11,TH,Post-QC,23.3,23.52228838433703,0.22228838433703046,0.22228838433703046,HIGH,True
Challenging,Single sensor,20,11,DBH,Pre-TH-QC,0.348,0.3737416578002283,0.0257416578002283,0.0257416578002283,HIGH,
Challenging,Single sensor,20,11,DBH,Post-QC,0.348,0.3737416578002283,0.0257416578002283,0.0257416578002283,HIGH,
Challenging,Dual sensor,20,9,TH,Pre-TH-QC,23.3,24.28873590393557,0.9887359039355701,0.9887359039355701,HIGH,True
Challenging,Dual sensor,20,9,TH,Post-QC,23.3,24.28873590393557,0.9887359039355701,0.9887359039355701,HIGH,True
Challenging,Dual sensor,20,9,DBH,Pre-TH-QC,0.348,0.4368596560121264,0.08885965601212642,0.08885965601212642,HIGH,
Challenging,Dual sensor,20,9,DBH,Post-QC,0.348,0.4368596560121264,0.08885965601212642,0.08885965601212642,HIGH,
Challenging,Hovermap,20,11,TH,Pre-TH-QC,23.3,24.5545934471212,1.2545934471211986,1.2545934471211986,HIGH,True
Challenging,Hovermap,20,11,TH,Post-QC,23.3,24.5545934471212,1.2545934471211986,1.2545934471211986,HIGH,True
Challenging,Hovermap,20,11,DBH,Pre-TH-QC,0.348,0.377718267111973,0.029718267111973007,0.029718267111973007,HIGH,
Challenging,Hovermap,20,11,DBH,Post-QC,0.348,0.377718267111973,0.029718267111973007,0.029718267111973007,HIGH,
Challenging,Single sensor,25,18,TH,Pre-TH-QC,21.0,24.51949163657981,3.5194916365798115,3.5194916365798115,HIGH,False
Challenging,Dual sensor,25,20,TH,Pre-TH-QC,21.0,25.69293253756934,4.692932537569341,4.692932537569341,HIGH,False
Challenging,Hovermap,25,21,TH,Pre-TH-QC,21.0,26.0316735161139,5.0316735161139015,5.0316735161139015,HIGH,False
Challenging,Single sensor,26,21,TH,Pre-TH-QC,20.5,19.78023263033905,-0.7197673696609499,0.7197673696609499,HIGH,False
Challenging,Single sensor,26,21,DBH,Pre-TH-QC,0.234,0.2503035264367184,0.01630352643671837,0.01630352643671837,HIGH,
Challenging,Single sensor,26,21,DBH,Post-QC,0.234,0.2503035264367184,0.01630352643671837,0.01630352643671837,HIGH,
Challenging,Dual sensor,26,22,TH,Pre-TH-QC,20.5,20.42232978639115,-0.07767021360885096,0.07767021360885096,HIGH,False
Challenging,Dual sensor,26,22,DBH,Pre-TH-QC,0.234,0.2553262450591902,0.021326245059190202,0.021326245059190202,HIGH,
Challenging,Dual sensor,26,22,DBH,Post-QC,0.234,0.2553262450591902,0.021326245059190202,0.021326245059190202,HIGH,
Challenging,Hovermap,26,22,TH,Pre-TH-QC,20.5,25.3555118187167,4.8555118187167,4.8555118187167,HIGH,False
Challenging,Hovermap,26,22,DBH,Pre-TH-QC,0.234,0.246054648374298,0.012054648374297983,0.012054648374297983,HIGH,
Challenging,Hovermap,26,22,DBH,Post-QC,0.234,0.246054648374298,0.012054648374297983,0.012054648374297983,HIGH,
Challenging,Single sensor,28,20,TH,Pre-TH-QC,28.9,24.44118453149865,-4.458815468501349,4.458815468501349,HIGH,True
Challenging,Single sensor,28,20,TH,Post-QC,28.9,24.44118453149865,-4.458815468501349,4.458815468501349,HIGH,True
Challenging,Single sensor,28,20,DBH,Pre-TH-QC,0.436,0.4987021462227905,0.06270214622279052,0.06270214622279052,HIGH,
Challenging,Single sensor,28,20,DBH,Post-QC,0.436,0.4987021462227905,0.06270214622279052,0.06270214622279052,HIGH,
Challenging,Dual sensor,28,23,TH,Pre-TH-QC,28.9,26.15949558686987,-2.740504413130129,2.740504413130129,HIGH,True
Challenging,Dual sensor,28,23,TH,Post-QC,28.9,26.15949558686987,-2.740504413130129,2.740504413130129,HIGH,True
Challenging,Dual sensor,28,23,DBH,Pre-TH-QC,0.436,0.4659418600159854,0.029941860015985422,0.029941860015985422,HIGH,
Challenging,Dual sensor,28,23,DBH,Post-QC,0.436,0.4659418600159854,0.029941860015985422,0.029941860015985422,HIGH,
Challenging,Hovermap,28,24,TH,Pre-TH-QC,28.9,26.4707619495423,-2.4292380504576983,2.4292380504576983,HIGH,True
Challenging,Hovermap,28,24,TH,Post-QC,28.9,26.4707619495423,-2.4292380504576983,2.4292380504576983,HIGH,True
Challenging,Hovermap,28,24,DBH,Pre-TH-QC,0.436,0.462793945850258,0.026793945850258016,0.026793945850258016,HIGH,
Challenging,Hovermap,28,24,DBH,Post-QC,0.436,0.462793945850258,0.026793945850258016,0.026793945850258016,HIGH,
Challenging,Single sensor,29,23,TH,Pre-TH-QC,26.6,26.40881815272745,-0.19118184727255283,0.19118184727255283,HIGH,True
Challenging,Single sensor,29,23,TH,Post-QC,26.6,26.40881815272745,-0.19118184727255283,0.19118184727255283,HIGH,True
Challenging,Single sensor,29,23,DBH,Pre-TH-QC,0.22,0.2493658889254767,0.029365888925476702,0.029365888925476702,HIGH,
Challenging,Single sensor,29,23,DBH,Post-QC,0.22,0.2493658889254767,0.029365888925476702,0.029365888925476702,HIGH,
Challenging,Dual sensor,29,26,TH,Pre-TH-QC,26.6,26.81911203424036,0.2191120342403572,0.2191120342403572,HIGH,True
Challenging,Dual sensor,29,26,TH,Post-QC,26.6,26.81911203424036,0.2191120342403572,0.2191120342403572,HIGH,True
Challenging,Dual sensor,29,26,DBH,Pre-TH-QC,0.22,0.2494286903811332,0.029428690381133188,0.029428690381133188,HIGH,
Challenging,Dual sensor,29,26,DBH,Post-QC,0.22,0.2494286903811332,0.029428690381133188,0.029428690381133188,HIGH,
Challenging,Hovermap,29,26,TH,Pre-TH-QC,26.6,26.4630067836698,-0.13699321633020034,0.13699321633020034,HIGH,True
Challenging,Hovermap,29,26,TH,Post-QC,26.6,26.4630067836698,-0.13699321633020034,0.13699321633020034,HIGH,True
Challenging,Hovermap,29,26,DBH,Pre-TH-QC,0.22,0.237095237031842,0.017095237031841987,0.017095237031841987,HIGH,
Challenging,Hovermap,29,26,DBH,Post-QC,0.22,0.237095237031842,0.017095237031841987,0.017095237031841987,HIGH,
Challenging,Single sensor,30,24,TH,Pre-TH-QC,26.7,25.96702890835759,-0.7329710916424084,0.7329710916424084,HIGH,True
Challenging,Single sensor,30,24,TH,Post-QC,26.7,25.96702890835759,-0.7329710916424084,0.7329710916424084,HIGH,True
Challenging,Single sensor,30,24,DBH,Pre-TH-QC,0.366,0.3973995255740289,0.03139952557402892,0.03139952557402892,HIGH,
Challenging,Single sensor,30,24,DBH,Post-QC,0.366,0.3973995255740289,0.03139952557402892,0.03139952557402892,HIGH,
Challenging,Dual sensor,30,27,TH,Pre-TH-QC,26.7,26.74219881942518,0.042198819425181,0.042198819425181,HIGH,True
Challenging,Dual sensor,30,27,TH,Post-QC,26.7,26.74219881942518,0.042198819425181,0.042198819425181,HIGH,True
Challenging,Dual sensor,30,27,DBH,Pre-TH-QC,0.366,0.3990773278566414,0.033077327856641414,0.033077327856641414,HIGH,
Challenging,Dual sensor,30,27,DBH,Post-QC,0.366,0.3990773278566414,0.033077327856641414,0.033077327856641414,HIGH,
Challenging,Hovermap,30,27,TH,Pre-TH-QC,26.7,27.1007608860417,0.40076088604170224,0.40076088604170224,HIGH,True
Challenging,Hovermap,30,27,TH,Post-QC,26.7,27.1007608860417,0.40076088604170224,0.40076088604170224,HIGH,True
Challenging,Hovermap,30,27,DBH,Pre-TH-QC,0.366,0.391967290519976,0.025967290519975983,0.025967290519975983,HIGH,
Challenging,Hovermap,30,27,DBH,Post-QC,0.366,0.391967290519976,0.025967290519975983,0.025967290519975983,HIGH,
Challenging,Single sensor,37,5,TH,Pre-TH-QC,10.3,21.70898947845946,11.40898947845946,11.40898947845946,HIGH,False
Challenging,Single sensor,37,5,DBH,Pre-TH-QC,0.079,0.07551714109970323,-0.003482858900296773,0.003482858900296773,HIGH,
Challenging,Single sensor,37,5,DBH,Post-QC,0.079,0.07551714109970323,-0.003482858900296773,0.003482858900296773,HIGH,
Challenging,Dual sensor,37,5,TH,Pre-TH-QC,10.3,23.31268809597183,13.012688095971829,13.012688095971829,HIGH,False
Challenging,Dual sensor,37,5,DBH,Pre-TH-QC,0.079,0.132602865338858,0.05360286533885801,0.05360286533885801,HIGH,
Challenging,Dual sensor,37,5,DBH,Post-QC,0.079,0.132602865338858,0.05360286533885801,0.05360286533885801,HIGH,
Challenging,Hovermap,37,4,TH,Pre-TH-QC,10.3,24.25307117605,13.953071176049999,13.953071176049999,HIGH,False
Challenging,Hovermap,37,4,DBH,Pre-TH-QC,0.079,0.103327562047981,0.024327562047981005,0.024327562047981005,HIGH,
Challenging,Hovermap,37,4,DBH,Post-QC,0.079,0.103327562047981,0.024327562047981005,0.024327562047981005,HIGH,
